Order ID,Date,Customer,Product,Category,Quantity,Unit Price,Total Sales,Profit,Region,Salesperson
ORD1000,2023-09-04,Customer_39,Camera,Electronics,1,17835,17835,3250.7593357958326,West,Vivek
ORD1001,2023-04-22,Customer_29,Laptop,Office Supplies,4,28798,115192,6644.294772195257,North,Vivek
ORD1002,2024-01-24,Customer_15,Monitor,Electronics,9,27113,244017,30172.70729124764,West,Nisha
ORD1003,2023-01-06,Customer_43,Mouse,Accessories,4,20477,81908,20133.50800311278,South,Karan
ORD1004,2023-03-14,Customer_8,Monitor,Electronics,2,18266,36532,4900.669620751341,West,Neha
ORD1005,2023-07-30,Customer_21,Mouse,Electronics,5,21792,108960,16386.394268633092,Central,Tina
ORD1006,2024-02-23,Customer_39,Mouse,Office Supplies,3,21452,64356,14929.69305170537,West,Karan
ORD1007,2024-05-06,Customer_19,Printer,Office Supplies,9,44526,400734,77522.9441126376,North,Rahul
ORD1008,2024-05-08,Customer_23,Keyboard,Accessories,4,42334,169336,28179.885544810306,North,Rahul
ORD1009,2023-07-18,Customer_11,Tablet,Electronics,6,12889,77334,16206.185445366104,West,Amit
ORD1010,2023-07-07,Customer_11,Printer,Electronics,2,25335,50670,11292.987744264834,North,Nisha
ORD1011,2024-08-29,Customer_24,Camera,Electronics,6,12254,73524,10394.647717282163,North,Vivek
ORD1012,2023-03-31,Customer_36,Printer,Accessories,3,22074,66222,9603.6252285032,West,Ravi
ORD1013,2024-04-26,Customer_40,Headphones,Accessories,9,12442,111978,14244.742334484254,East,Vivek
ORD1014,2023-08-28,Customer_24,Headphones,Accessories,2,47289,94578,23014.726662133195,East,Vivek
ORD1015,2023-10-06,Customer_3,Tablet,Accessories,9,38327,344943,65343.67385073528,South,Priya
ORD1016,2023-03-31,Customer_22,Monitor,Accessories,5,17199,85995,5731.103515712636,North,Vivek
ORD1017,2024-01-01,Customer_2,Keyboard,Office Supplies,8,8291,66328,14764.077179021178,West,Amit
ORD1018,2023-01-11,Customer_24,Tablet,Electronics,2,41928,83856,12252.366879753221,North,Karan
ORD1019,2024-02-06,Customer_44,Mouse,Electronics,6,1112,6672,425.3452127301673,Central,Rahul
ORD1020,2023-10-11,Customer_30,Smartphone,Electronics,3,22515,67545,10803.38040000117,North,Vivek
ORD1021,2023-01-26,Customer_38,Keyboard,Electronics,5,20581,102905,13730.908025598925,North,Vivek
ORD1022,2024-08-16,Customer_2,Keyboard,Electronics,8,49692,397536,89664.19748229369,East,Priya
ORD1023,2023-09-26,Customer_21,Mouse,Electronics,1,27500,27500,2496.970319851631,West,Tina
ORD1024,2023-01-08,Customer_33,Mouse,Electronics,5,33026,165130,35551.32019308883,North,Ravi
ORD1025,2023-09-03,Customer_12,Laptop,Electronics,3,17523,52569,8491.877361385614,East,Tina
ORD1026,2023-12-28,Customer_22,Tablet,Office Supplies,4,2424,9696,590.7002999915592,South,Ravi
ORD1027,2023-08-22,Customer_44,Mouse,Electronics,2,20552,41104,10044.545853136544,East,Neha
ORD1028,2023-06-30,Customer_25,Headphones,Office Supplies,9,11808,106272,16208.929444267054,East,Vivek
ORD1029,2023-06-02,Customer_49,Camera,Accessories,3,39811,119433,12919.70906628812,East,Priya
ORD1030,2023-09-29,Customer_27,Smartphone,Electronics,2,7989,15978,2298.9365042608733,North,Sneha
ORD1031,2023-11-08,Customer_42,Tablet,Accessories,9,24620,221580,49095.82553436104,North,Nisha
ORD1032,2023-04-02,Customer_28,Speaker,Accessories,7,40029,280203,31097.104032413594,South,Rahul
ORD1033,2024-06-19,Customer_16,Headphones,Accessories,6,1887,11322,1002.3964322044842,Central,Karan
ORD1034,2024-02-21,Customer_15,Monitor,Office Supplies,1,32802,32802,2486.859008365355,Central,Rahul
ORD1035,2023-03-16,Customer_47,Mouse,Accessories,5,20488,102440,11224.54335421865,Central,Karan
ORD1036,2024-05-17,Customer_44,Speaker,Accessories,3,31013,93039,19166.928794023723,South,Neha
ORD1037,2023-05-21,Customer_3,Mouse,Accessories,1,17402,17402,2511.548401425589,Central,Tina
ORD1038,2023-09-21,Customer_37,Keyboard,Electronics,4,22205,88820,8481.983208012045,Central,Amit
ORD1039,2023-09-01,Customer_7,Headphones,Electronics,2,27049,54098,4502.955221777643,East,Vivek
ORD1040,2023-02-06,Customer_21,Keyboard,Office Supplies,2,13253,26506,3089.1655008768216,North,Sneha
ORD1041,2023-09-22,Customer_9,Laptop,Office Supplies,3,19990,59970,14271.952928391192,North,Karan
ORD1042,2024-09-25,Customer_39,Keyboard,Electronics,8,8846,70768,8393.46287931417,East,Nisha
ORD1043,2023-09-14,Customer_18,Laptop,Office Supplies,8,26027,208216,51559.44851979408,East,Karan
ORD1044,2023-03-05,Customer_4,Laptop,Electronics,7,40200,281400,41378.770050474246,East,Amit
ORD1045,2023-04-19,Customer_25,Speaker,Accessories,6,47220,283320,24318.144265993113,North,Rahul
ORD1046,2024-05-18,Customer_14,Mouse,Accessories,9,47163,424467,96875.26226866311,Central,Priya
ORD1047,2024-05-17,Customer_50,Monitor,Office Supplies,4,4765,19060,2707.87468238996,East,Rahul
ORD1048,2024-06-01,Customer_9,Keyboard,Electronics,1,16950,16950,3253.285854480338,South,Neha
ORD1049,2023-04-20,Customer_26,Headphones,Electronics,8,46270,370160,91334.13592813993,East,Priya
ORD1050,2024-08-23,Customer_2,Laptop,Office Supplies,7,10741,75187,4513.8568129015775,West,Rahul
ORD1051,2023-10-18,Customer_20,Mouse,Electronics,7,23742,166194,11523.711133866987,East,Nisha
ORD1052,2023-07-10,Customer_28,Smartphone,Accessories,3,25703,77109,14966.189775490335,North,Rahul
ORD1053,2023-03-01,Customer_47,Tablet,Office Supplies,4,39709,158836,16894.59124468792,East,Nisha
ORD1054,2023-07-22,Customer_7,Speaker,Office Supplies,9,38623,347607,30193.241137926616,West,Nisha
ORD1055,2024-03-12,Customer_44,Monitor,Electronics,6,23931,143586,8309.662975159135,South,Priya
ORD1056,2024-05-24,Customer_8,Printer,Office Supplies,5,24580,122900,6681.992180620841,Central,Tina
ORD1057,2024-01-25,Customer_47,Speaker,Electronics,3,16166,48498,9937.100556020725,East,Ravi
ORD1058,2024-01-23,Customer_35,Smartphone,Electronics,9,30240,272160,20925.480318579346,West,Vivek
ORD1059,2024-06-30,Customer_14,Tablet,Electronics,5,26991,134955,19371.997145677335,West,Karan
ORD1060,2024-05-08,Customer_17,Smartphone,Electronics,5,39556,197780,33855.85442123963,South,Ravi
ORD1061,2023-03-04,Customer_36,Keyboard,Electronics,4,33969,135876,18434.345850818514,North,Amit
ORD1062,2023-11-25,Customer_50,Laptop,Office Supplies,4,11561,46244,2562.9040061273527,East,Tina
ORD1063,2024-09-29,Customer_40,Monitor,Accessories,1,17901,17901,3700.142079565231,West,Ravi
ORD1064,2024-09-09,Customer_4,Camera,Accessories,7,41505,290535,15137.64193844186,South,Priya
ORD1065,2023-04-18,Customer_2,Laptop,Office Supplies,9,31020,279180,56499.8841424612,Central,Amit
ORD1066,2024-04-10,Customer_6,Camera,Office Supplies,3,26917,80751,18464.59623557694,West,Sneha
ORD1067,2023-08-01,Customer_42,Tablet,Accessories,2,2988,5976,816.1302736475324,South,Tina
ORD1068,2024-09-18,Customer_4,Mouse,Accessories,3,49209,147627,23193.455735201736,North,Ravi
ORD1069,2024-05-06,Customer_29,Printer,Accessories,1,45505,45505,6616.275856213268,North,Amit
ORD1070,2023-12-27,Customer_18,Headphones,Accessories,6,15256,91536,11702.12002286302,West,Sneha
ORD1071,2024-03-22,Customer_26,Laptop,Accessories,7,23192,162344,36930.80975403315,West,Rahul
ORD1072,2023-09-18,Customer_44,Monitor,Electronics,2,29230,58460,13374.87060675353,East,Amit
ORD1073,2024-09-30,Customer_34,Smartphone,Office Supplies,8,40930,327440,38363.94208764482,South,Priya
ORD1074,2023-03-23,Customer_10,Monitor,Electronics,6,46833,280998,48616.57414772442,West,Rahul
ORD1075,2023-02-20,Customer_36,Tablet,Accessories,4,23625,94500,22243.552924556832,East,Priya
ORD1076,2023-07-19,Customer_14,Camera,Accessories,5,33088,165440,40104.59161297144,East,Ravi
ORD1077,2024-08-17,Customer_31,Smartphone,Accessories,8,15114,120912,18353.451099102123,West,Vivek
ORD1078,2023-08-01,Customer_48,Headphones,Electronics,3,42167,126501,17781.608138654527,North,Ravi
ORD1079,2023-05-22,Customer_15,Headphones,Electronics,3,39401,118203,12498.650845139908,South,Rahul
ORD1080,2023-12-22,Customer_8,Laptop,Accessories,4,6755,27020,6532.743602720975,South,Nisha
ORD1081,2023-08-04,Customer_14,Tablet,Electronics,1,11825,11825,929.0058300783314,North,Ravi
ORD1082,2023-10-12,Customer_23,Mouse,Electronics,9,23693,213237,35390.07386153775,West,Rahul
ORD1083,2023-09-02,Customer_40,Tablet,Accessories,8,5117,40936,4360.095550228601,South,Amit
ORD1084,2024-04-08,Customer_21,Camera,Electronics,8,25729,205832,21777.366883773535,West,Neha
ORD1085,2024-03-15,Customer_16,Monitor,Office Supplies,6,33182,199092,26079.801199580023,West,Ravi
ORD1086,2024-03-21,Customer_45,Headphones,Office Supplies,7,29890,209230,52256.98919214188,East,Amit
ORD1087,2024-06-19,Customer_18,Monitor,Office Supplies,6,30340,182040,11103.213299424242,North,Priya
ORD1088,2023-08-03,Customer_47,Monitor,Office Supplies,9,2518,22662,3755.282936825686,West,Tina
ORD1089,2023-08-20,Customer_24,Monitor,Accessories,3,31949,95847,6375.208726241443,Central,Vivek
ORD1090,2023-09-14,Customer_26,Headphones,Accessories,3,23547,70641,5715.15119027205,North,Priya
ORD1091,2023-07-28,Customer_25,Speaker,Accessories,3,17346,52038,7176.695272795621,South,Priya
ORD1092,2023-01-07,Customer_45,Keyboard,Office Supplies,3,3600,10800,1642.5938837083131,East,Rahul
ORD1093,2023-01-25,Customer_41,Camera,Office Supplies,9,47005,423045,43048.41687931401,South,Nisha
ORD1094,2023-12-29,Customer_29,Speaker,Electronics,4,30267,121068,13715.966384140766,South,Karan
ORD1095,2024-07-03,Customer_15,Camera,Electronics,7,37322,261254,17606.796381988708,North,Neha
ORD1096,2023-11-01,Customer_45,Smartphone,Office Supplies,9,27990,251910,27872.319149641033,South,Nisha
ORD1097,2023-12-18,Customer_1,Tablet,Office Supplies,7,17193,120351,29282.804947577577,West,Rahul
ORD1098,2023-09-08,Customer_25,Tablet,Office Supplies,9,31109,279981,66899.07348560862,South,Vivek
ORD1099,2024-09-03,Customer_7,Printer,Office Supplies,3,20233,60699,7100.305466604971,East,Neha
ORD1100,2024-01-01,Customer_9,Tablet,Electronics,4,49021,196084,32191.26464825694,East,Neha
ORD1101,2023-10-14,Customer_24,Headphones,Office Supplies,8,17194,137552,31900.933047618524,Central,Rahul
ORD1102,2024-07-26,Customer_1,Mouse,Electronics,6,35510,213060,10916.50505037389,East,Sneha
ORD1103,2023-04-01,Customer_44,Laptop,Office Supplies,5,2306,11530,2445.936313198487,South,Priya
ORD1104,2023-08-18,Customer_8,Printer,Office Supplies,4,4849,19396,4648.715169178775,East,Tina
ORD1105,2024-05-25,Customer_24,Laptop,Office Supplies,8,13360,106880,7296.178897114117,North,Sneha
ORD1106,2024-03-11,Customer_11,Camera,Electronics,1,46536,46536,3829.425903445603,East,Rahul
ORD1107,2023-07-13,Customer_17,Laptop,Electronics,9,30231,272079,65883.72866234553,West,Sneha
ORD1108,2023-11-20,Customer_8,Laptop,Accessories,1,46800,46800,7371.375744473642,North,Tina
ORD1109,2023-03-12,Customer_35,Printer,Office Supplies,8,37963,303704,16047.514935120076,Central,Rahul
ORD1110,2024-02-06,Customer_35,Smartphone,Accessories,4,19689,78756,7995.813138924101,West,Rahul
ORD1111,2023-07-03,Customer_33,Monitor,Accessories,9,30084,270756,37902.78989406788,South,Neha
ORD1112,2023-08-25,Customer_5,Tablet,Electronics,5,41387,206935,39024.17110058206,South,Sneha
ORD1113,2024-09-05,Customer_42,Tablet,Electronics,3,10280,30840,6064.13321234778,South,Amit
ORD1114,2023-01-21,Customer_39,Headphones,Accessories,9,3642,32778,8164.485270134121,West,Ravi
ORD1115,2024-06-28,Customer_41,Printer,Office Supplies,9,43137,388233,41735.91709407099,West,Rahul
ORD1116,2023-04-01,Customer_28,Headphones,Electronics,4,15296,61184,9645.29174254416,West,Sneha
ORD1117,2023-08-21,Customer_7,Mouse,Office Supplies,4,16438,65752,10301.017983772952,North,Karan
ORD1118,2023-05-06,Customer_9,Mouse,Office Supplies,8,49442,395536,51866.26066814451,North,Vivek
ORD1119,2023-02-08,Customer_8,Headphones,Accessories,2,38525,77050,6459.284784111695,South,Karan
ORD1120,2024-09-13,Customer_12,Printer,Accessories,9,3994,35946,8824.430724041282,East,Sneha
ORD1121,2024-01-05,Customer_34,Headphones,Accessories,6,48994,293964,64867.10669225126,South,Priya
ORD1122,2024-03-27,Customer_33,Tablet,Accessories,9,35039,315351,47197.5137611232,Central,Priya
ORD1123,2024-02-18,Customer_48,Speaker,Electronics,8,2813,22504,3840.2869984162817,North,Sneha
ORD1124,2024-05-17,Customer_23,Keyboard,Electronics,7,28491,199437,19036.702547755674,West,Neha
ORD1125,2024-09-06,Customer_24,Laptop,Accessories,1,19845,19845,3150.5408823848434,North,Neha
ORD1126,2024-06-23,Customer_37,Keyboard,Electronics,3,42243,126729,23951.0240000703,West,Rahul
ORD1127,2023-05-02,Customer_35,Printer,Accessories,2,38164,76328,11680.733788538311,Central,Tina
ORD1128,2023-11-30,Customer_44,Keyboard,Office Supplies,5,43051,215255,53395.51687885231,Central,Ravi
ORD1129,2024-03-28,Customer_40,Mouse,Office Supplies,5,14318,71590,12332.689834154944,North,Rahul
ORD1130,2024-03-24,Customer_22,Camera,Office Supplies,5,18200,91000,11301.721569177478,West,Karan
ORD1131,2023-12-03,Customer_27,Laptop,Accessories,4,1082,4328,884.7747951042696,Central,Ravi
ORD1132,2023-09-12,Customer_35,Monitor,Office Supplies,5,2920,14600,1227.7505338183948,South,Karan
ORD1133,2024-08-30,Customer_1,Printer,Electronics,3,41585,124755,15831.804067785055,South,Neha
ORD1134,2023-07-21,Customer_35,Laptop,Office Supplies,1,12683,12683,1514.2460735277843,West,Sneha
ORD1135,2024-05-29,Customer_37,Keyboard,Office Supplies,5,12336,61680,8410.772325249542,North,Tina
ORD1136,2024-01-07,Customer_47,Mouse,Office Supplies,9,16596,149364,30822.152384003657,Central,Karan
ORD1137,2023-05-21,Customer_14,Smartphone,Electronics,9,3093,27837,4087.4349392665545,North,Neha
ORD1138,2023-12-03,Customer_3,Speaker,Accessories,4,13905,55620,11613.616744758572,South,Tina
ORD1139,2023-05-18,Customer_1,Monitor,Electronics,3,25351,76053,12571.392110099245,Central,Rahul
ORD1140,2023-05-02,Customer_5,Speaker,Accessories,1,31981,31981,3786.9945179566557,North,Sneha
ORD1141,2023-10-17,Customer_26,Laptop,Accessories,2,9367,18734,3971.528356833235,East,Vivek
ORD1142,2024-01-16,Customer_14,Mouse,Office Supplies,8,6285,50280,4910.240927081889,West,Priya
ORD1143,2023-05-09,Customer_39,Mouse,Accessories,1,44664,44664,4237.568281955613,West,Nisha
ORD1144,2024-01-10,Customer_27,Keyboard,Electronics,8,38705,309640,46724.85708086787,East,Tina
ORD1145,2024-05-01,Customer_9,Tablet,Electronics,7,17753,124271,12696.74932899095,South,Vivek
ORD1146,2023-12-11,Customer_15,Keyboard,Accessories,8,19485,155880,8077.29740163912,Central,Vivek
ORD1147,2024-07-09,Customer_15,Tablet,Office Supplies,6,13977,83862,15066.60544686642,West,Tina
ORD1148,2023-08-06,Customer_26,Tablet,Office Supplies,9,20874,187866,28596.730372946706,East,Vivek
ORD1149,2023-07-08,Customer_42,Monitor,Electronics,3,8674,26022,3619.752913748208,East,Karan
ORD1150,2023-09-27,Customer_13,Keyboard,Office Supplies,4,30038,120152,29244.240193683967,South,Vivek
ORD1151,2023-03-02,Customer_32,Smartphone,Accessories,6,30315,181890,29873.583914202878,South,Neha
ORD1152,2023-05-29,Customer_39,Headphones,Accessories,8,4676,37408,8330.249692389061,North,Ravi
ORD1153,2024-08-15,Customer_49,Headphones,Electronics,5,3426,17130,1334.2565092388788,West,Karan
ORD1154,2023-08-05,Customer_32,Keyboard,Accessories,3,25473,76419,12520.587741177547,North,Vivek
ORD1155,2023-12-26,Customer_4,Keyboard,Electronics,6,3962,23772,5315.322337329406,East,Rahul
ORD1156,2024-04-03,Customer_30,Speaker,Accessories,4,30943,123772,20623.033158009508,Central,Priya
ORD1157,2023-01-04,Customer_37,Monitor,Electronics,9,1859,16731,3239.1690428485726,Central,Sneha
ORD1158,2024-08-22,Customer_23,Keyboard,Office Supplies,3,45816,137448,17099.72886173046,South,Vivek
ORD1159,2024-05-11,Customer_39,Speaker,Accessories,4,5138,20552,1407.6044948291587,Central,Amit
ORD1160,2024-02-06,Customer_45,Tablet,Accessories,7,36192,253344,35868.45847373456,Central,Priya
ORD1161,2023-08-12,Customer_15,Mouse,Electronics,7,26640,186480,24036.50336072603,Central,Rahul
ORD1162,2023-04-23,Customer_43,Mouse,Electronics,4,11409,45636,10195.631696609129,East,Neha
ORD1163,2023-07-13,Customer_29,Tablet,Accessories,6,5017,30102,2974.049318282824,Central,Vivek
ORD1164,2023-10-26,Customer_36,Printer,Electronics,3,11451,34353,8359.694183702713,Central,Neha
ORD1165,2024-02-07,Customer_13,Speaker,Accessories,6,29327,175962,42517.279967407754,Central,Vivek
ORD1166,2023-07-06,Customer_32,Speaker,Office Supplies,2,11278,22556,2244.9158682238744,North,Nisha
ORD1167,2023-04-06,Customer_7,Tablet,Electronics,8,25944,207552,24825.375892645767,East,Ravi
ORD1168,2023-04-16,Customer_22,Smartphone,Accessories,2,44764,89528,20511.862873791437,South,Neha
ORD1169,2023-08-19,Customer_28,Camera,Office Supplies,7,2134,14938,3634.7805471492106,North,Ravi
ORD1170,2024-04-05,Customer_2,Laptop,Office Supplies,9,31131,280179,38857.414878699994,West,Priya
ORD1171,2023-02-24,Customer_42,Tablet,Accessories,1,38887,38887,4440.872422767518,East,Nisha
ORD1172,2023-12-17,Customer_45,Keyboard,Electronics,8,39462,315696,49001.95512149177,East,Sneha
ORD1173,2024-02-16,Customer_6,Keyboard,Accessories,7,23520,164640,30878.864427210912,West,Karan
ORD1174,2023-12-05,Customer_28,Monitor,Office Supplies,6,22869,137214,14365.606430532496,West,Ravi
ORD1175,2023-01-03,Customer_28,Tablet,Accessories,6,37932,227592,44902.6805515808,West,Nisha
ORD1176,2023-12-20,Customer_44,Monitor,Electronics,6,6039,36234,2186.0505355383807,South,Ravi
ORD1177,2024-08-09,Customer_44,Tablet,Office Supplies,9,22281,200529,12003.445067911132,Central,Tina
ORD1178,2024-07-04,Customer_20,Speaker,Accessories,2,48399,96798,12318.275456535697,East,Rahul
ORD1179,2024-05-24,Customer_30,Laptop,Electronics,1,11442,11442,1380.988052711753,Central,Sneha
ORD1180,2024-05-02,Customer_11,Speaker,Office Supplies,6,9252,55512,6279.886210292271,Central,Rahul
ORD1181,2024-02-11,Customer_28,Camera,Electronics,8,28586,228688,33892.46549704554,West,Vivek
ORD1182,2024-06-12,Customer_25,Mouse,Office Supplies,3,18568,55704,6358.428693816753,South,Ravi
ORD1183,2023-04-25,Customer_39,Headphones,Accessories,1,21810,21810,1929.129040357817,North,Vivek
ORD1184,2023-06-01,Customer_33,Tablet,Electronics,9,2551,22959,2568.9722755050375,South,Amit
ORD1185,2023-11-28,Customer_1,Camera,Office Supplies,1,13625,13625,3337.8641434078904,Central,Ravi
ORD1186,2023-10-19,Customer_27,Mouse,Electronics,3,35397,106191,14040.858972819995,South,Nisha
ORD1187,2023-10-24,Customer_13,Printer,Electronics,8,27249,217992,30288.365530580468,West,Sneha
ORD1188,2023-08-16,Customer_41,Laptop,Accessories,3,2361,7083,1170.883632764785,North,Vivek
ORD1189,2024-08-26,Customer_3,Monitor,Electronics,4,27149,108596,26787.17481734227,West,Ravi
ORD1190,2024-05-18,Customer_39,Monitor,Office Supplies,8,5370,42960,4223.838167136076,North,Amit
ORD1191,2024-01-29,Customer_6,Speaker,Office Supplies,1,6283,6283,1170.2491000950565,Central,Rahul
ORD1192,2024-02-09,Customer_8,Keyboard,Office Supplies,6,8610,51660,9980.553853673093,North,Nisha
ORD1193,2024-03-03,Customer_27,Mouse,Office Supplies,1,44326,44326,7600.352419753889,North,Tina
ORD1194,2024-03-13,Customer_9,Printer,Accessories,1,15924,15924,1078.3042960747841,North,Ravi
ORD1195,2024-07-01,Customer_37,Camera,Electronics,8,48607,388856,72083.96913784162,South,Tina
ORD1196,2024-06-19,Customer_33,Laptop,Accessories,4,45717,182868,11487.57432355267,South,Priya
ORD1197,2024-04-05,Customer_42,Mouse,Electronics,1,11626,11626,1967.4508887334202,Central,Sneha
ORD1198,2023-08-29,Customer_44,Printer,Electronics,7,35761,250327,49543.77747007744,North,Ravi
ORD1199,2023-11-20,Customer_24,Headphones,Electronics,5,1869,9345,861.5527255686874,East,Neha
ORD1200,2023-01-21,Customer_15,Tablet,Accessories,5,32552,162760,35534.479589532384,Central,Amit
ORD1201,2023-11-30,Customer_32,Monitor,Electronics,1,2014,2014,112.92651286869413,North,Vivek
ORD1202,2024-03-26,Customer_32,Camera,Accessories,6,11103,66618,14573.525070237807,North,Neha
ORD1203,2024-04-15,Customer_24,Monitor,Office Supplies,9,17986,161874,22996.76094874939,South,Priya
ORD1204,2023-05-21,Customer_41,Camera,Office Supplies,9,45781,412029,38531.95826041912,Central,Sneha
ORD1205,2023-03-21,Customer_49,Speaker,Electronics,8,31471,251768,19324.611201768268,North,Rahul
ORD1206,2024-02-17,Customer_49,Keyboard,Accessories,5,34458,172290,41463.55838055339,North,Nisha
ORD1207,2024-03-25,Customer_12,Camera,Office Supplies,1,26069,26069,1682.3138405306352,Central,Tina
ORD1208,2023-01-31,Customer_39,Monitor,Accessories,9,17873,160857,14447.964050126639,East,Priya
ORD1209,2024-04-08,Customer_2,Speaker,Accessories,1,24248,24248,2899.1992561113,Central,Vivek
ORD1210,2024-04-08,Customer_3,Camera,Electronics,8,24624,196992,34285.86067330981,Central,Nisha
ORD1211,2023-02-24,Customer_49,Headphones,Office Supplies,5,44516,222580,35381.365112150794,East,Rahul
ORD1212,2023-02-02,Customer_37,Keyboard,Electronics,3,30061,90183,6775.3314152439425,Central,Vivek
ORD1213,2023-01-15,Customer_49,Camera,Electronics,7,25170,176190,19018.934690967206,North,Amit
ORD1214,2023-02-27,Customer_17,Speaker,Office Supplies,7,9024,63168,6174.694375192395,Central,Tina
ORD1215,2023-05-13,Customer_49,Mouse,Office Supplies,9,17678,159102,14750.119047024458,East,Neha
ORD1216,2024-09-20,Customer_2,Smartphone,Accessories,7,39256,274792,36335.434902001725,West,Ravi
ORD1217,2024-07-22,Customer_2,Printer,Office Supplies,3,21411,64233,12256.060458863978,Central,Priya
ORD1218,2023-08-01,Customer_28,Smartphone,Accessories,1,44803,44803,4188.658744425765,South,Ravi
ORD1219,2023-12-04,Customer_23,Smartphone,Accessories,8,20296,162368,20025.78326792274,North,Nisha
ORD1220,2023-07-27,Customer_37,Laptop,Accessories,3,27293,81879,10495.535598465505,North,Ravi
ORD1221,2024-02-28,Customer_32,Headphones,Office Supplies,8,28172,225376,55282.773355607,South,Neha
ORD1222,2023-02-09,Customer_33,Mouse,Electronics,8,22128,177024,42650.971432032056,South,Karan
ORD1223,2023-12-21,Customer_1,Tablet,Accessories,5,19257,96285,20222.499431056727,Central,Nisha
ORD1224,2023-08-15,Customer_19,Camera,Electronics,1,13855,13855,1362.386869589962,South,Tina
ORD1225,2023-06-04,Customer_2,Printer,Electronics,7,20642,144494,9190.896732472345,West,Vivek
ORD1226,2023-08-10,Customer_44,Keyboard,Office Supplies,5,36585,182925,20740.18787850906,East,Tina
ORD1227,2023-12-14,Customer_26,Mouse,Electronics,8,21025,168200,17384.96864295407,South,Ravi
ORD1228,2023-10-08,Customer_32,Monitor,Electronics,9,5458,49122,7426.517430958233,South,Sneha
ORD1229,2024-06-21,Customer_6,Tablet,Office Supplies,7,6307,44149,9074.631900316599,West,Nisha
ORD1230,2024-09-17,Customer_32,Laptop,Accessories,7,42701,298907,66257.09693829257,North,Vivek
ORD1231,2024-05-21,Customer_4,Laptop,Electronics,1,19425,19425,4253.546971819826,North,Rahul
ORD1232,2024-01-09,Customer_11,Mouse,Office Supplies,4,44427,177708,21668.84492676579,Central,Amit
ORD1233,2024-04-23,Customer_17,Speaker,Electronics,2,29273,58546,10974.264374449831,West,Tina
ORD1234,2024-02-02,Customer_38,Smartphone,Electronics,2,39506,79012,8894.131122956735,East,Tina
ORD1235,2024-08-10,Customer_24,Monitor,Accessories,2,6668,13336,829.2472649168794,East,Nisha
ORD1236,2023-11-02,Customer_5,Laptop,Electronics,4,26934,107736,20503.56709099972,West,Sneha
ORD1237,2024-09-10,Customer_34,Printer,Office Supplies,1,48195,48195,2504.4777792201853,East,Ravi
ORD1238,2023-06-02,Customer_6,Laptop,Electronics,4,8697,34788,4586.328770501181,North,Ravi
ORD1239,2024-08-20,Customer_22,Keyboard,Accessories,2,25417,50834,5890.433155140344,East,Nisha
ORD1240,2023-09-29,Customer_11,Camera,Accessories,5,17446,87230,16458.164536999902,East,Tina
ORD1241,2023-12-27,Customer_48,Laptop,Office Supplies,3,41597,124791,25363.65775824809,West,Vivek
ORD1242,2024-09-03,Customer_16,Keyboard,Accessories,8,11751,94008,10417.86570767769,West,Amit
ORD1243,2023-05-28,Customer_33,Mouse,Electronics,4,47218,188872,40102.32349444568,East,Nisha
ORD1244,2023-09-25,Customer_9,Mouse,Accessories,1,8352,8352,908.5585567474415,South,Vivek
ORD1245,2023-05-30,Customer_6,Tablet,Office Supplies,1,14516,14516,2021.5746883129848,West,Vivek
ORD1246,2023-02-02,Customer_16,Laptop,Accessories,3,24299,72897,14244.343912749866,Central,Rahul
ORD1247,2023-02-20,Customer_29,Printer,Accessories,9,32957,296613,55936.47959021045,Central,Neha
ORD1248,2024-07-29,Customer_3,Laptop,Accessories,7,29927,209489,51843.01677924209,North,Karan
ORD1249,2024-07-23,Customer_20,Printer,Office Supplies,2,42094,84188,8000.571261338175,East,Amit
ORD1250,2023-12-11,Customer_36,Headphones,Accessories,9,37412,336708,61436.94800641714,South,Priya
ORD1251,2023-06-13,Customer_19,Tablet,Accessories,2,30493,60986,10485.712171621313,North,Sneha
ORD1252,2023-04-12,Customer_26,Headphones,Electronics,3,27711,83133,19371.625963423932,East,Karan
ORD1253,2024-01-11,Customer_3,Laptop,Office Supplies,2,9003,18006,1463.3913444915243,West,Rahul
ORD1254,2023-05-05,Customer_19,Tablet,Accessories,3,32707,98121,19659.48752186269,Central,Amit
ORD1255,2023-10-28,Customer_20,Headphones,Office Supplies,6,4278,25668,4200.663768477349,South,Ravi
ORD1256,2023-11-18,Customer_32,Smartphone,Accessories,9,8296,74664,7834.730500368834,Central,Karan
ORD1257,2023-12-01,Customer_7,Laptop,Accessories,9,26398,237582,34422.53915458279,West,Ravi
ORD1258,2023-09-26,Customer_41,Headphones,Accessories,7,36842,257894,30110.496344943687,East,Sneha
ORD1259,2023-11-11,Customer_33,Smartphone,Electronics,3,14261,42783,7096.103062299745,West,Ravi
ORD1260,2023-08-21,Customer_40,Smartphone,Electronics,4,12173,48692,11092.043548357542,West,Sneha
ORD1261,2023-05-25,Customer_39,Mouse,Electronics,6,31449,188694,30919.58694573521,Central,Amit
ORD1262,2024-02-09,Customer_18,Laptop,Office Supplies,5,42080,210400,37102.879363182656,South,Tina
ORD1263,2023-07-13,Customer_40,Smartphone,Office Supplies,2,2637,5274,810.8752291365955,West,Sneha
ORD1264,2024-01-23,Customer_1,Mouse,Electronics,6,32781,196686,11847.007760146975,Central,Vivek
ORD1265,2024-02-20,Customer_11,Headphones,Office Supplies,3,14652,43956,4244.90614520912,South,Priya
ORD1266,2024-04-07,Customer_28,Keyboard,Accessories,8,6103,48824,7245.498487558401,East,Priya
ORD1267,2023-03-19,Customer_25,Laptop,Accessories,2,26500,53000,5938.494007693871,East,Nisha
ORD1268,2024-05-09,Customer_50,Tablet,Accessories,1,35800,35800,3091.4273599701505,North,Priya
ORD1269,2023-11-05,Customer_23,Printer,Electronics,9,36529,328761,49585.89344838955,Central,Nisha
ORD1270,2023-12-01,Customer_31,Printer,Office Supplies,3,48963,146889,16827.89154995226,South,Priya
ORD1271,2023-11-04,Customer_30,Headphones,Electronics,1,19452,19452,1976.7419750018528,West,Sneha
ORD1272,2024-06-22,Customer_42,Speaker,Office Supplies,7,32174,225218,32160.47354901754,East,Vivek
ORD1273,2023-12-16,Customer_35,Speaker,Accessories,5,36436,182180,13965.345227482063,South,Tina
ORD1274,2023-07-16,Customer_7,Headphones,Electronics,5,48406,242030,57009.95995524817,Central,Ravi
ORD1275,2023-01-17,Customer_16,Smartphone,Office Supplies,1,16954,16954,3789.9042736245556,North,Rahul
ORD1276,2023-05-25,Customer_26,Laptop,Office Supplies,9,18186,163674,31347.51835009928,East,Priya
ORD1277,2023-10-16,Customer_48,Printer,Accessories,7,13356,93492,6660.62863377999,South,Tina
ORD1278,2023-01-16,Customer_49,Printer,Electronics,8,33963,271704,55746.9907096867,South,Tina
ORD1279,2024-05-03,Customer_2,Smartphone,Electronics,9,3187,28683,6069.078008430199,South,Sneha
ORD1280,2023-06-30,Customer_1,Printer,Electronics,6,12707,76242,15519.281996755306,Central,Amit
ORD1281,2024-07-30,Customer_48,Tablet,Accessories,5,36098,180490,13138.440593230367,Central,Amit
ORD1282,2024-03-20,Customer_12,Laptop,Electronics,6,27935,167610,29965.58253682561,Central,Priya
ORD1283,2023-03-15,Customer_5,Camera,Accessories,2,22225,44450,9639.647434212155,West,Rahul
ORD1284,2024-08-29,Customer_37,Printer,Accessories,4,4606,18424,3048.6318128142316,South,Priya
ORD1285,2023-01-07,Customer_32,Headphones,Accessories,3,33828,101484,18194.20121352948,East,Priya
ORD1286,2023-11-03,Customer_9,Tablet,Office Supplies,7,27489,192423,27261.085160329625,Central,Nisha
ORD1287,2024-04-29,Customer_41,Printer,Electronics,9,15387,138483,21567.545155900654,Central,Vivek
ORD1288,2024-09-01,Customer_35,Tablet,Electronics,5,4927,24635,1401.1247810989503,South,Vivek
ORD1289,2024-01-13,Customer_19,Mouse,Accessories,6,7296,43776,7783.049049980502,Central,Rahul
ORD1290,2024-08-17,Customer_48,Camera,Accessories,2,31444,62888,4168.810464859844,West,Nisha
ORD1291,2023-12-20,Customer_16,Monitor,Electronics,3,47390,142170,19477.70497546991,West,Tina
ORD1292,2024-02-08,Customer_3,Headphones,Accessories,3,47893,143679,15593.628355551098,Central,Nisha
ORD1293,2023-05-02,Customer_20,Headphones,Electronics,9,3591,32319,5141.487184578471,South,Priya
ORD1294,2023-09-30,Customer_24,Laptop,Office Supplies,7,45895,321265,24635.649806372625,South,Amit
ORD1295,2023-01-08,Customer_33,Tablet,Accessories,8,49516,396128,74602.26350737733,South,Karan
ORD1296,2024-04-23,Customer_24,Smartphone,Electronics,9,27147,244323,51064.07074739494,North,Rahul
ORD1297,2023-09-06,Customer_11,Headphones,Accessories,6,39889,239334,19785.954774965725,Central,Tina
ORD1298,2024-08-07,Customer_49,Tablet,Electronics,4,2200,8800,623.5910337393126,South,Sneha
ORD1299,2023-11-12,Customer_8,Tablet,Electronics,1,16721,16721,1322.6828775374865,West,Karan
ORD1300,2023-05-28,Customer_36,Keyboard,Accessories,8,20238,161904,36497.29215632301,East,Karan
ORD1301,2023-03-28,Customer_38,Keyboard,Office Supplies,7,12087,84609,13168.36304958871,East,Nisha
ORD1302,2023-12-11,Customer_40,Monitor,Electronics,2,31816,63632,9128.150339589882,South,Ravi
ORD1303,2024-07-27,Customer_20,Mouse,Electronics,8,24408,195264,13930.595329040423,East,Karan
ORD1304,2023-02-21,Customer_35,Monitor,Electronics,5,40740,203700,36647.91171527863,East,Priya
ORD1305,2023-03-13,Customer_48,Printer,Office Supplies,7,1136,7952,1778.066550949951,North,Neha
ORD1306,2023-12-12,Customer_25,Smartphone,Office Supplies,4,18413,73652,15882.109129482193,West,Amit
ORD1307,2024-09-13,Customer_35,Printer,Accessories,5,49114,245570,43026.550976883074,West,Amit
ORD1308,2023-04-04,Customer_25,Speaker,Office Supplies,8,19978,159824,10397.469122027418,North,Neha
ORD1309,2024-01-04,Customer_29,Printer,Accessories,1,1661,1661,120.3882924278715,North,Vivek
ORD1310,2023-05-25,Customer_18,Laptop,Accessories,1,36240,36240,2169.3915385720093,East,Priya
ORD1311,2023-07-11,Customer_46,Printer,Office Supplies,4,28253,113012,11470.24824284939,Central,Sneha
ORD1312,2024-05-05,Customer_18,Monitor,Accessories,3,27884,83652,6452.270610179985,East,Karan
ORD1313,2024-02-20,Customer_2,Headphones,Office Supplies,2,33854,67708,6906.866541882359,North,Vivek
ORD1314,2023-06-17,Customer_35,Headphones,Accessories,3,11704,35112,4459.631690480836,West,Priya
ORD1315,2024-03-25,Customer_16,Keyboard,Office Supplies,1,39987,39987,9540.7605173305,East,Nisha
ORD1316,2024-03-08,Customer_41,Smartphone,Office Supplies,1,25527,25527,4392.563935609451,Central,Amit
ORD1317,2023-08-20,Customer_36,Smartphone,Accessories,6,17322,103932,22552.69909872033,East,Vivek
ORD1318,2024-07-26,Customer_33,Laptop,Electronics,5,48517,242585,46593.373760060225,South,Rahul
ORD1319,2024-07-02,Customer_4,Monitor,Accessories,8,7968,63744,4621.479910457923,East,Karan
ORD1320,2024-02-10,Customer_33,Keyboard,Office Supplies,2,28518,57036,11246.59125958891,North,Karan
ORD1321,2024-08-13,Customer_14,Speaker,Electronics,4,47364,189456,19896.626740933098,West,Sneha
ORD1322,2023-06-19,Customer_21,Smartphone,Accessories,8,28886,231088,41092.43082926254,West,Ravi
ORD1323,2024-07-06,Customer_48,Headphones,Accessories,6,2700,16200,1914.716794603283,North,Rahul
ORD1324,2023-10-10,Customer_20,Printer,Accessories,1,29246,29246,7297.884602287644,South,Karan
ORD1325,2024-08-31,Customer_8,Printer,Electronics,4,36468,145872,14982.556283430795,North,Tina
ORD1326,2024-06-02,Customer_7,Keyboard,Office Supplies,1,24199,24199,2560.8856524533107,East,Rahul
ORD1327,2024-01-04,Customer_3,Monitor,Accessories,2,45589,91178,21530.26698353367,North,Karan
ORD1328,2024-04-05,Customer_17,Monitor,Accessories,5,33115,165575,9094.849459531826,North,Neha
ORD1329,2023-11-09,Customer_33,Mouse,Accessories,8,6520,52160,9875.85952149319,South,Rahul
ORD1330,2023-04-24,Customer_48,Camera,Accessories,8,45278,362224,70657.32531158254,East,Priya
ORD1331,2023-06-06,Customer_12,Smartphone,Accessories,3,37455,112365,24414.185770143904,Central,Rahul
ORD1332,2023-07-02,Customer_22,Monitor,Office Supplies,4,21929,87716,21480.583714392902,Central,Sneha
ORD1333,2024-08-22,Customer_22,Headphones,Office Supplies,6,42605,255630,62660.12371880301,West,Nisha
ORD1334,2023-01-15,Customer_46,Keyboard,Accessories,3,15955,47865,3018.144400183759,North,Nisha
ORD1335,2023-07-18,Customer_30,Speaker,Electronics,2,45049,90098,19314.1158602782,West,Nisha
ORD1336,2024-03-15,Customer_38,Mouse,Office Supplies,6,14917,89502,16044.306336440588,South,Priya
ORD1337,2024-02-29,Customer_38,Tablet,Electronics,5,5757,28785,5165.998667585885,Central,Vivek
ORD1338,2023-11-16,Customer_45,Laptop,Office Supplies,5,14045,70225,5313.924719303389,North,Nisha
ORD1339,2023-01-09,Customer_8,Speaker,Accessories,5,42680,213400,38419.988263900486,South,Amit
ORD1340,2023-10-06,Customer_27,Tablet,Office Supplies,5,5733,28665,7065.822634586954,South,Priya
ORD1341,2023-12-09,Customer_27,Printer,Accessories,3,31954,95862,22274.850342638092,North,Vivek
ORD1342,2024-07-25,Customer_34,Laptop,Office Supplies,7,32135,224945,31003.299298949423,South,Amit
ORD1343,2024-03-15,Customer_21,Smartphone,Accessories,6,8081,48486,2811.683486549914,North,Amit
ORD1344,2024-09-15,Customer_30,Headphones,Accessories,4,42458,169832,20797.40559874296,North,Amit
ORD1345,2023-11-10,Customer_33,Laptop,Accessories,2,24501,49002,10549.05560981008,East,Tina
ORD1346,2023-11-30,Customer_28,Camera,Accessories,9,22113,199017,37872.89933525859,West,Sneha
ORD1347,2024-04-20,Customer_47,Tablet,Electronics,1,35441,35441,5027.969699581082,South,Sneha
ORD1348,2023-09-27,Customer_33,Smartphone,Accessories,4,48086,192344,11736.889935718043,South,Priya
ORD1349,2023-08-21,Customer_5,Camera,Electronics,1,25690,25690,3477.885111556129,East,Amit
ORD1350,2023-05-07,Customer_48,Printer,Electronics,6,44939,269634,38774.71411917837,East,Neha
ORD1351,2023-04-08,Customer_19,Camera,Accessories,4,30345,121380,28610.614116538047,East,Rahul
ORD1352,2023-10-28,Customer_4,Mouse,Electronics,5,47313,236565,42159.95681878272,Central,Vivek
ORD1353,2023-07-06,Customer_35,Mouse,Office Supplies,5,45571,227855,25595.085064869007,Central,Sneha
ORD1354,2024-09-20,Customer_49,Keyboard,Accessories,9,27829,250461,38837.397566518426,Central,Nisha
ORD1355,2023-06-09,Customer_17,Speaker,Electronics,1,36062,36062,2279.517302136547,North,Priya
ORD1356,2024-02-20,Customer_44,Speaker,Accessories,2,4630,9260,2264.196372423313,South,Vivek
ORD1357,2024-03-12,Customer_28,Smartphone,Accessories,6,48861,293166,35769.764241884644,West,Priya
ORD1358,2024-08-16,Customer_30,Printer,Accessories,5,32870,164350,23924.99995599478,North,Neha
ORD1359,2024-01-16,Customer_29,Monitor,Electronics,7,48221,337547,40862.3579303501,South,Tina
ORD1360,2024-04-13,Customer_46,Mouse,Office Supplies,3,45942,137826,25704.872342999086,South,Tina
ORD1361,2024-09-12,Customer_6,Smartphone,Office Supplies,3,4453,13359,2437.301880625007,East,Amit
ORD1362,2023-10-06,Customer_35,Monitor,Electronics,2,38275,76550,14779.084574201066,East,Tina
ORD1363,2024-05-24,Customer_41,Speaker,Accessories,3,44370,133110,13794.009058728558,North,Priya
ORD1364,2024-09-11,Customer_37,Keyboard,Electronics,1,39396,39396,4457.015096787909,East,Nisha
ORD1365,2024-08-19,Customer_24,Camera,Electronics,5,9328,46640,3500.3434836654283,South,Amit
ORD1366,2024-06-28,Customer_29,Mouse,Electronics,5,16534,82670,14971.701874503626,East,Karan
ORD1367,2024-05-03,Customer_49,Smartphone,Accessories,7,20744,145208,8416.172253231087,Central,Vivek
ORD1368,2023-09-18,Customer_46,Laptop,Electronics,4,20389,81556,13826.716111190248,East,Neha
ORD1369,2024-06-07,Customer_31,Monitor,Accessories,3,37320,111960,25072.230253597787,South,Amit
ORD1370,2024-03-08,Customer_35,Camera,Electronics,1,36010,36010,8216.273131981941,North,Priya
ORD1371,2024-04-06,Customer_33,Mouse,Office Supplies,8,15665,125320,17520.68242591272,West,Vivek
ORD1372,2023-08-21,Customer_21,Speaker,Electronics,3,38865,116595,16540.252705440667,East,Nisha
ORD1373,2024-09-07,Customer_32,Printer,Electronics,2,9640,19280,1260.7931696789149,South,Ravi
ORD1374,2023-11-04,Customer_23,Monitor,Office Supplies,4,35716,142864,26308.834918978773,West,Neha
ORD1375,2023-02-04,Customer_33,Speaker,Accessories,3,26521,79563,17046.522652624943,West,Priya
ORD1376,2023-05-02,Customer_3,Mouse,Accessories,1,31049,31049,3071.708958084347,Central,Neha
ORD1377,2023-04-18,Customer_18,Monitor,Electronics,3,6618,19854,2665.601540789764,West,Sneha
ORD1378,2024-04-18,Customer_25,Camera,Office Supplies,2,38004,76008,16552.100061770936,South,Ravi
ORD1379,2024-03-20,Customer_42,Mouse,Accessories,8,2920,23360,5265.90682491821,South,Vivek
ORD1380,2024-05-11,Customer_31,Tablet,Electronics,6,44937,269622,26594.434527760226,East,Tina
ORD1381,2023-05-21,Customer_3,Smartphone,Office Supplies,9,5188,46692,7476.048813601077,East,Priya
ORD1382,2023-09-16,Customer_40,Camera,Accessories,8,13207,105656,9350.411264715789,East,Neha
ORD1383,2024-03-25,Customer_46,Monitor,Accessories,3,1238,3714,261.3755460028626,West,Vivek
ORD1384,2023-02-18,Customer_24,Printer,Office Supplies,5,33972,169860,39445.58567328758,West,Tina
ORD1385,2024-09-08,Customer_50,Speaker,Office Supplies,7,11799,82593,17683.285259408516,Central,Nisha
ORD1386,2024-08-04,Customer_32,Laptop,Office Supplies,5,6552,32760,6617.748676614397,East,Nisha
ORD1387,2024-02-17,Customer_47,Speaker,Office Supplies,8,29916,239328,14300.629109782254,North,Neha
ORD1388,2023-02-10,Customer_22,Monitor,Electronics,5,5927,29635,6482.5305543936975,Central,Amit
ORD1389,2023-06-11,Customer_23,Speaker,Office Supplies,1,28964,28964,3985.7017229047074,North,Sneha
ORD1390,2024-07-07,Customer_2,Smartphone,Accessories,5,12164,60820,7205.894279770837,West,Amit
ORD1391,2023-07-29,Customer_27,Mouse,Accessories,4,38158,152632,24313.55598720505,Central,Sneha
ORD1392,2024-04-17,Customer_42,Laptop,Electronics,6,20071,120426,8221.561121645387,Central,Priya
ORD1393,2023-02-24,Customer_2,Headphones,Accessories,3,49409,148227,29842.439614171602,South,Karan
ORD1394,2023-08-08,Customer_26,Monitor,Accessories,5,7160,35800,5960.2351505202,West,Neha
ORD1395,2023-01-19,Customer_17,Keyboard,Office Supplies,2,16810,33620,2935.6318113751786,West,Rahul
ORD1396,2023-02-18,Customer_40,Headphones,Accessories,6,6126,36756,3221.5325469422082,Central,Neha
ORD1397,2024-03-04,Customer_33,Speaker,Electronics,6,31009,186054,16158.739723940469,West,Ravi
ORD1398,2024-04-29,Customer_9,Monitor,Office Supplies,5,34584,172920,10617.370571096086,Central,Tina
ORD1399,2024-09-15,Customer_43,Tablet,Office Supplies,6,47182,283092,47434.8077259058,South,Ravi
ORD1400,2023-01-27,Customer_48,Keyboard,Electronics,7,26396,184772,40293.162693876766,Central,Nisha
ORD1401,2023-03-21,Customer_39,Laptop,Office Supplies,5,1192,5960,318.8578710729672,West,Sneha
ORD1402,2023-09-25,Customer_29,Printer,Office Supplies,1,37413,37413,2237.3321564620514,West,Tina
ORD1403,2024-01-10,Customer_42,Tablet,Electronics,8,13816,110528,18187.830628330947,Central,Nisha
ORD1404,2024-01-06,Customer_26,Headphones,Office Supplies,4,40082,160328,34294.020849315,Central,Tina
ORD1405,2023-11-24,Customer_35,Mouse,Electronics,9,33130,298170,34393.2470001699,Central,Amit
ORD1406,2023-11-13,Customer_50,Smartphone,Electronics,6,41142,246852,29603.202714896768,East,Nisha
ORD1407,2023-03-10,Customer_25,Printer,Accessories,1,37468,37468,6342.182113641841,West,Amit
ORD1408,2023-07-17,Customer_24,Tablet,Accessories,3,31698,95094,9969.900095674328,West,Amit
ORD1409,2023-09-24,Customer_13,Mouse,Office Supplies,3,11655,34965,1934.322303981245,East,Tina
ORD1410,2024-08-21,Customer_7,Mouse,Office Supplies,4,48897,195588,38539.77507969099,Central,Vivek
ORD1411,2024-04-24,Customer_36,Monitor,Electronics,6,31075,186450,32652.985253586794,South,Ravi
ORD1412,2023-08-26,Customer_45,Tablet,Office Supplies,7,10359,72513,12048.121951904603,Central,Nisha
ORD1413,2023-04-28,Customer_20,Laptop,Electronics,4,37661,150644,29878.252785568842,Central,Rahul
ORD1414,2023-03-16,Customer_1,Speaker,Electronics,6,40579,243474,45053.9305889159,East,Vivek
ORD1415,2023-11-01,Customer_8,Keyboard,Office Supplies,1,43056,43056,3925.6909766011595,West,Ravi
ORD1416,2023-11-02,Customer_46,Keyboard,Electronics,8,34272,274176,33037.16870534805,Central,Nisha
ORD1417,2023-12-10,Customer_16,Headphones,Accessories,7,43581,305067,22947.758518294617,West,Sneha
ORD1418,2023-03-13,Customer_14,Headphones,Office Supplies,9,15671,141039,10714.930663088906,North,Ravi
ORD1419,2024-04-29,Customer_12,Keyboard,Accessories,3,28048,84144,15586.762976284928,West,Rahul
ORD1420,2024-07-09,Customer_23,Laptop,Office Supplies,2,11738,23476,5205.099222304226,South,Neha
ORD1421,2024-05-23,Customer_15,Smartphone,Electronics,1,26963,26963,6539.7817317295785,South,Priya
ORD1422,2023-09-01,Customer_28,Camera,Office Supplies,3,44954,134862,23691.129793390635,Central,Amit
ORD1423,2024-02-06,Customer_34,Speaker,Accessories,5,7773,38865,3374.2695864847187,West,Priya
ORD1424,2023-08-25,Customer_2,Smartphone,Electronics,2,37584,75168,5346.705033341044,Central,Vivek
ORD1425,2023-02-03,Customer_32,Monitor,Office Supplies,3,30894,92682,19701.43074879396,East,Neha
ORD1426,2023-03-22,Customer_23,Camera,Office Supplies,4,1717,6868,1138.379895928095,South,Amit
ORD1427,2024-08-24,Customer_22,Camera,Office Supplies,7,12676,88732,15408.93329691788,Central,Nisha
ORD1428,2023-09-20,Customer_25,Tablet,Accessories,3,5434,16302,3362.9789941758545,East,Vivek
ORD1429,2024-04-14,Customer_22,Laptop,Accessories,9,38825,349425,66619.77906008238,Central,Rahul
ORD1430,2024-08-05,Customer_22,Laptop,Office Supplies,8,30100,240800,52227.50945754962,West,Tina
ORD1431,2024-07-31,Customer_49,Camera,Electronics,4,5994,23976,1468.3569194612094,West,Nisha
ORD1432,2024-09-25,Customer_42,Tablet,Electronics,1,5234,5234,1044.2046025462412,West,Ravi
ORD1433,2023-11-01,Customer_6,Speaker,Accessories,1,4764,4764,1048.8925071764927,West,Tina
ORD1434,2023-12-23,Customer_15,Camera,Electronics,1,44949,44949,4819.746804691755,North,Vivek
ORD1435,2023-12-12,Customer_43,Printer,Accessories,1,38405,38405,6839.525511542175,East,Ravi
ORD1436,2023-04-25,Customer_37,Headphones,Office Supplies,8,35872,286976,32380.194486335782,East,Rahul
ORD1437,2023-03-12,Customer_33,Headphones,Accessories,3,43215,129645,31321.481782823554,West,Priya
ORD1438,2023-04-21,Customer_8,Smartphone,Accessories,6,24185,145110,8225.51891922319,North,Ravi
ORD1439,2024-06-19,Customer_44,Monitor,Office Supplies,3,44442,133326,22126.592139374512,West,Priya
ORD1440,2023-12-19,Customer_44,Headphones,Electronics,5,42153,210765,17556.874018778213,North,Amit
ORD1441,2023-12-07,Customer_5,Mouse,Accessories,7,12999,90993,17511.06062593704,West,Sneha
ORD1442,2023-04-03,Customer_39,Smartphone,Accessories,2,37487,74974,6386.1396218061545,South,Karan
ORD1443,2024-04-15,Customer_4,Headphones,Office Supplies,6,3581,21486,2085.788953029622,South,Nisha
ORD1444,2024-01-12,Customer_6,Monitor,Electronics,6,3763,22578,3361.280834358225,Central,Karan
ORD1445,2024-03-18,Customer_45,Laptop,Accessories,3,28374,85122,19830.616122726853,West,Amit
ORD1446,2023-08-12,Customer_32,Laptop,Office Supplies,6,39759,238554,22028.76206667741,East,Ravi
ORD1447,2023-06-14,Customer_30,Speaker,Accessories,5,11531,57655,4545.981683512851,Central,Amit
ORD1448,2023-03-17,Customer_47,Camera,Office Supplies,2,26307,52614,10617.261406233594,South,Karan
ORD1449,2023-02-02,Customer_35,Printer,Electronics,9,31835,286515,43012.75106133125,West,Karan
ORD1450,2023-07-25,Customer_40,Laptop,Electronics,8,12064,96512,22425.240953237906,Central,Nisha
ORD1451,2024-04-28,Customer_16,Tablet,Electronics,3,12312,36936,2929.871056651187,West,Tina
ORD1452,2023-06-11,Customer_13,Headphones,Electronics,8,38548,308384,55257.9654724034,South,Neha
ORD1453,2023-08-03,Customer_50,Tablet,Accessories,9,37945,341505,32981.12856131512,Central,Amit
ORD1454,2023-03-14,Customer_42,Monitor,Accessories,3,48937,146811,11943.381058155166,South,Sneha
ORD1455,2023-02-17,Customer_30,Laptop,Electronics,3,7476,22428,4186.990984629453,North,Neha
ORD1456,2023-01-03,Customer_19,Printer,Electronics,2,25565,51130,8627.518923186708,South,Amit
ORD1457,2023-05-10,Customer_17,Monitor,Electronics,8,3382,27056,5437.322342690247,West,Rahul
ORD1458,2023-11-07,Customer_19,Mouse,Accessories,1,23463,23463,2625.3340862313557,East,Vivek
ORD1459,2023-07-24,Customer_28,Mouse,Electronics,8,46276,370208,51678.93819318756,South,Vivek
ORD1460,2023-08-11,Customer_26,Tablet,Electronics,7,34402,240814,31569.351252766683,East,Karan
ORD1461,2024-08-15,Customer_37,Camera,Electronics,7,27345,191415,47244.646949030066,North,Vivek
ORD1462,2023-10-26,Customer_26,Smartphone,Office Supplies,3,45764,137292,14889.288753732808,Central,Priya
ORD1463,2024-09-27,Customer_23,Camera,Electronics,1,27946,27946,3045.0925085677495,Central,Sneha
ORD1464,2023-05-06,Customer_9,Speaker,Office Supplies,4,15162,60648,7332.927953807477,East,Vivek
ORD1465,2023-08-29,Customer_12,Camera,Office Supplies,9,47773,429957,70048.08548186856,Central,Ravi
ORD1466,2023-11-06,Customer_1,Speaker,Electronics,5,9397,46985,4720.326827846414,South,Priya
ORD1467,2023-07-11,Customer_1,Speaker,Office Supplies,1,23335,23335,5438.408151750072,East,Neha
ORD1468,2023-10-07,Customer_47,Printer,Electronics,5,46095,230475,23770.526112510415,West,Priya
ORD1469,2024-01-13,Customer_34,Laptop,Accessories,8,15394,123152,28221.899794620218,South,Amit
ORD1470,2023-08-17,Customer_32,Printer,Accessories,8,28197,225576,15947.098191428398,South,Karan
ORD1471,2023-11-01,Customer_48,Speaker,Accessories,5,23010,115050,20860.007782216,South,Nisha
ORD1472,2023-08-16,Customer_25,Monitor,Accessories,9,25123,226107,52320.5049235032,West,Nisha
ORD1473,2024-03-31,Customer_40,Mouse,Office Supplies,1,23387,23387,1958.6586231638792,North,Rahul
ORD1474,2023-12-07,Customer_45,Speaker,Electronics,4,3890,15560,3791.4334998288814,Central,Sneha
ORD1475,2024-06-16,Customer_1,Printer,Electronics,3,28769,86307,12132.750837476315,East,Amit
ORD1476,2023-09-17,Customer_16,Monitor,Electronics,2,44626,89252,21343.992971715663,North,Nisha
ORD1477,2023-11-29,Customer_39,Printer,Accessories,8,9026,72208,13384.764342087687,East,Karan
ORD1478,2024-01-31,Customer_5,Camera,Accessories,7,4306,30142,3325.186286345718,Central,Neha
ORD1479,2023-11-23,Customer_22,Headphones,Electronics,9,34665,311985,27348.76264725269,West,Nisha
ORD1480,2023-04-03,Customer_29,Tablet,Accessories,2,10277,20554,2276.2940280221387,South,Ravi
ORD1481,2023-08-22,Customer_3,Smartphone,Electronics,4,43239,172956,11865.383807287046,South,Priya
ORD1482,2023-05-03,Customer_12,Printer,Electronics,6,48664,291984,23000.62885695816,West,Nisha
ORD1483,2023-03-04,Customer_26,Smartphone,Electronics,3,49008,147024,10428.71931630021,North,Amit
ORD1484,2023-09-12,Customer_16,Keyboard,Electronics,8,15683,125464,16886.03775439816,North,Vivek
ORD1485,2023-12-01,Customer_37,Printer,Electronics,3,1670,5010,1047.6695330101018,East,Vivek
ORD1486,2023-04-13,Customer_22,Headphones,Electronics,2,24675,49350,3862.9556801152776,West,Neha
ORD1487,2023-05-01,Customer_29,Smartphone,Electronics,3,18889,56667,4310.323597315351,North,Vivek
ORD1488,2024-08-07,Customer_14,Speaker,Accessories,6,45535,273210,48818.744659526,West,Neha
ORD1489,2023-09-12,Customer_28,Printer,Electronics,2,14006,28012,2505.2979381778946,Central,Amit
ORD1490,2023-11-26,Customer_5,Laptop,Electronics,8,49536,396288,27550.737356427217,South,Sneha
ORD1491,2023-12-16,Customer_47,Tablet,Accessories,1,27531,27531,2295.2516413155518,South,Vivek
ORD1492,2024-03-22,Customer_49,Headphones,Accessories,7,22639,158473,37200.94709975607,South,Rahul
ORD1493,2024-02-17,Customer_30,Smartphone,Accessories,2,17633,35266,7557.301040081029,West,Karan
ORD1494,2023-03-24,Customer_46,Headphones,Electronics,6,35660,213960,25849.13075229919,West,Priya
ORD1495,2024-06-09,Customer_5,Monitor,Office Supplies,2,4439,8878,1608.375354466519,East,Vivek
ORD1496,2023-01-20,Customer_12,Tablet,Office Supplies,2,33172,66344,10446.203458766464,South,Neha
ORD1497,2024-04-04,Customer_16,Speaker,Accessories,8,36622,292976,54325.03164361354,East,Amit
ORD1498,2024-08-15,Customer_26,Printer,Office Supplies,2,12577,25154,4692.082033809649,South,Vivek
ORD1499,2023-04-23,Customer_26,Printer,Accessories,7,12763,89341,15701.395127894964,East,Nisha
ORD1500,2024-03-07,Customer_48,Printer,Electronics,3,21176,63528,6557.377548087628,East,Vivek
ORD1501,2023-04-07,Customer_21,Tablet,Office Supplies,8,45386,363088,20986.952660386025,Central,Neha
ORD1502,2023-11-08,Customer_39,Laptop,Electronics,7,25255,176785,24946.724710824274,East,Ravi
ORD1503,2023-09-01,Customer_36,Keyboard,Office Supplies,8,42003,336024,76678.92172586182,West,Ravi
ORD1504,2024-09-04,Customer_33,Mouse,Electronics,7,20996,146972,24088.630215798425,East,Vivek
ORD1505,2024-07-02,Customer_30,Camera,Office Supplies,6,36386,218316,47260.65653203875,South,Priya
ORD1506,2024-06-30,Customer_37,Smartphone,Electronics,7,22062,154434,38349.80275617486,East,Amit
ORD1507,2024-09-13,Customer_23,Laptop,Electronics,5,36931,184655,15275.26003503068,North,Rahul
ORD1508,2024-02-19,Customer_10,Speaker,Office Supplies,7,36710,256970,48401.71998606304,South,Rahul
ORD1509,2023-01-23,Customer_5,Smartphone,Electronics,1,35693,35693,6598.162105214996,North,Vivek
ORD1510,2023-04-05,Customer_36,Printer,Electronics,1,36740,36740,9037.71262718863,South,Vivek
ORD1511,2024-06-11,Customer_34,Headphones,Electronics,9,12705,114345,28256.953184766597,West,Ravi
ORD1512,2024-06-11,Customer_31,Speaker,Office Supplies,5,44408,222040,41596.02378944515,West,Neha
ORD1513,2024-01-15,Customer_10,Smartphone,Office Supplies,5,29047,145235,14338.028862706797,West,Priya
ORD1514,2023-02-16,Customer_19,Printer,Electronics,3,11966,35898,7528.211495442449,North,Vivek
ORD1515,2023-12-11,Customer_32,Smartphone,Electronics,5,18374,91870,6560.053311993614,Central,Rahul
ORD1516,2023-05-06,Customer_1,Headphones,Office Supplies,3,12138,36414,7506.376892421137,South,Amit
ORD1517,2024-04-12,Customer_5,Printer,Office Supplies,9,16935,152415,35366.25845230278,West,Sneha
ORD1518,2023-04-22,Customer_45,Keyboard,Electronics,9,46913,422217,53438.60348778889,South,Nisha
ORD1519,2023-01-10,Customer_4,Laptop,Electronics,6,1489,8934,1573.5191450757684,North,Vivek
ORD1520,2024-06-12,Customer_16,Monitor,Electronics,1,45516,45516,6191.475318823829,Central,Neha
ORD1521,2023-08-04,Customer_24,Camera,Accessories,7,23260,162820,22396.381250633414,North,Vivek
ORD1522,2024-06-09,Customer_16,Tablet,Office Supplies,7,27069,189483,21236.151436174783,South,Neha
ORD1523,2023-05-01,Customer_2,Camera,Accessories,4,20275,81100,16416.742443704265,Central,Priya
ORD1524,2024-04-19,Customer_49,Speaker,Office Supplies,8,37284,298272,70760.65122941438,Central,Sneha
ORD1525,2023-01-31,Customer_28,Camera,Office Supplies,6,40178,241068,57410.38562678662,North,Karan
ORD1526,2024-07-19,Customer_32,Printer,Office Supplies,4,33821,135284,11493.22226860411,West,Amit
ORD1527,2024-05-04,Customer_27,Keyboard,Office Supplies,4,17999,71996,16195.408760134826,South,Amit
ORD1528,2023-04-16,Customer_20,Monitor,Office Supplies,2,39712,79424,15685.15096078155,East,Neha
ORD1529,2023-06-25,Customer_24,Laptop,Office Supplies,2,41172,82344,8281.128584488237,East,Ravi
ORD1530,2023-06-26,Customer_12,Laptop,Office Supplies,4,34722,138888,8813.405063888662,North,Neha
ORD1531,2023-02-13,Customer_50,Headphones,Accessories,5,11625,58125,6021.718227530894,South,Ravi
ORD1532,2024-02-18,Customer_35,Tablet,Electronics,8,2629,21032,4888.71272719781,South,Tina
ORD1533,2023-07-17,Customer_33,Smartphone,Electronics,6,11973,71838,12689.157929432498,North,Rahul
ORD1534,2023-06-16,Customer_33,Keyboard,Accessories,4,7859,31436,6105.214863997099,South,Amit
ORD1535,2023-01-10,Customer_43,Smartphone,Accessories,7,42609,298263,30252.95633977045,West,Priya
ORD1536,2024-01-06,Customer_37,Monitor,Accessories,8,44307,354456,68721.08961448571,North,Neha
ORD1537,2023-01-08,Customer_12,Camera,Accessories,2,46450,92900,5167.4975866438235,West,Priya
ORD1538,2023-07-08,Customer_3,Laptop,Office Supplies,7,37046,259322,32431.9164057099,South,Sneha
ORD1539,2023-01-05,Customer_1,Monitor,Electronics,2,22839,45678,8009.667890943321,North,Priya
ORD1540,2023-09-22,Customer_33,Camera,Office Supplies,2,28216,56432,4470.504277325557,South,Vivek
ORD1541,2023-10-22,Customer_40,Laptop,Electronics,8,19945,159560,34241.690067750584,North,Rahul
ORD1542,2023-11-09,Customer_10,Camera,Electronics,2,7539,15078,1462.660384697222,South,Vivek
ORD1543,2023-11-12,Customer_43,Tablet,Accessories,9,34625,311625,56234.67035640967,West,Nisha
ORD1544,2023-06-02,Customer_44,Keyboard,Office Supplies,1,5886,5886,771.2980762396782,West,Neha
ORD1545,2024-06-21,Customer_29,Speaker,Accessories,9,46713,420417,71138.2220559852,South,Amit
ORD1546,2023-11-14,Customer_13,Monitor,Office Supplies,1,8485,8485,606.5935878112572,North,Neha
ORD1547,2024-04-11,Customer_12,Monitor,Electronics,2,32455,64910,3465.0619685823067,East,Rahul
ORD1548,2023-12-15,Customer_31,Mouse,Accessories,6,47448,284688,66022.81554040864,West,Karan
ORD1549,2024-01-17,Customer_46,Printer,Accessories,6,17767,106602,11078.719638919845,West,Karan
ORD1550,2024-06-21,Customer_2,Tablet,Electronics,1,48165,48165,10304.198567784164,East,Nisha
ORD1551,2024-03-12,Customer_50,Tablet,Electronics,7,29453,206171,51515.96015973081,South,Rahul
ORD1552,2023-10-21,Customer_35,Smartphone,Electronics,8,11744,93952,8670.477910302741,North,Tina
ORD1553,2023-02-13,Customer_23,Camera,Accessories,2,38102,76204,7851.614232227286,South,Tina
ORD1554,2023-09-28,Customer_17,Printer,Office Supplies,8,13226,105808,19317.573682009745,Central,Tina
ORD1555,2024-06-05,Customer_26,Keyboard,Accessories,9,28869,259821,63159.81593811361,West,Amit
ORD1556,2024-07-20,Customer_8,Keyboard,Office Supplies,6,23588,141528,32999.074614147925,Central,Amit
ORD1557,2023-03-05,Customer_29,Tablet,Accessories,5,14440,72200,10871.522509747045,West,Tina
ORD1558,2023-01-17,Customer_26,Keyboard,Accessories,9,32709,294381,61532.12201609995,West,Karan
ORD1559,2023-02-10,Customer_10,Mouse,Electronics,9,48788,439092,33875.583625868356,Central,Rahul
ORD1560,2024-07-19,Customer_26,Monitor,Office Supplies,1,23495,23495,5767.732027574654,Central,Priya
ORD1561,2023-04-30,Customer_34,Headphones,Accessories,3,38019,114057,27701.097362888508,South,Rahul
ORD1562,2024-08-19,Customer_41,Speaker,Accessories,9,45948,413532,34218.03268193787,Central,Tina
ORD1563,2024-03-05,Customer_7,Smartphone,Electronics,2,49908,99816,10968.243725069378,South,Rahul
ORD1564,2023-02-27,Customer_4,Camera,Electronics,4,1922,7688,538.3983241664048,South,Sneha
ORD1565,2023-11-27,Customer_50,Speaker,Office Supplies,4,28526,114104,11906.01298093558,South,Amit
ORD1566,2024-01-11,Customer_45,Camera,Accessories,2,8957,17914,3819.1064023168024,West,Amit
ORD1567,2024-03-20,Customer_11,Laptop,Office Supplies,3,49564,148692,18685.100852123356,West,Karan
ORD1568,2023-12-31,Customer_29,Speaker,Accessories,3,34998,104994,7105.93023372135,Central,Priya
ORD1569,2024-08-11,Customer_36,Headphones,Office Supplies,1,44395,44395,5258.370434511894,West,Tina
ORD1570,2023-03-23,Customer_25,Tablet,Electronics,6,25031,150186,36987.307487272185,Central,Neha
ORD1571,2023-09-17,Customer_21,Mouse,Accessories,8,11006,88048,15490.876239076462,West,Karan
ORD1572,2024-08-30,Customer_36,Monitor,Office Supplies,3,38701,116103,15468.656872118825,North,Karan
ORD1573,2023-03-22,Customer_10,Monitor,Electronics,5,48063,240315,20020.090574219288,North,Priya
ORD1574,2023-10-04,Customer_37,Mouse,Electronics,1,26939,26939,6660.273348405091,Central,Vivek
ORD1575,2023-06-17,Customer_9,Printer,Office Supplies,7,21324,149268,31968.697982937738,West,Tina
ORD1576,2023-11-12,Customer_24,Laptop,Accessories,1,23867,23867,2536.9537555192187,West,Neha
ORD1577,2023-03-26,Customer_35,Camera,Accessories,9,1203,10827,693.0767537146637,South,Amit
ORD1578,2024-07-15,Customer_49,Headphones,Electronics,8,17544,140352,8607.102045811005,East,Priya
ORD1579,2024-03-04,Customer_35,Keyboard,Accessories,7,16899,118293,8762.628487891623,Central,Neha
ORD1580,2024-08-18,Customer_48,Speaker,Accessories,7,30063,210441,34965.554300880496,East,Sneha
ORD1581,2024-05-08,Customer_36,Laptop,Accessories,5,26344,131720,31053.34356823749,East,Karan
ORD1582,2023-07-18,Customer_18,Speaker,Electronics,5,4748,23740,3545.5377961724143,Central,Priya
ORD1583,2023-09-05,Customer_49,Headphones,Office Supplies,5,40486,202430,44248.99080272159,West,Amit
ORD1584,2023-06-24,Customer_39,Smartphone,Accessories,1,2093,2093,291.2981390733156,Central,Rahul
ORD1585,2023-09-29,Customer_32,Smartphone,Electronics,8,16228,129824,24889.430049152426,East,Amit
ORD1586,2024-07-08,Customer_24,Laptop,Electronics,1,21884,21884,4297.460596555557,West,Sneha
ORD1587,2024-09-21,Customer_23,Tablet,Office Supplies,4,26183,104732,8880.513369333694,North,Priya
ORD1588,2024-06-15,Customer_32,Headphones,Accessories,9,17034,153306,18740.61782746916,Central,Sneha
ORD1589,2024-08-25,Customer_37,Headphones,Accessories,9,6710,60390,10716.835446666255,Central,Tina
ORD1590,2023-07-25,Customer_12,Mouse,Office Supplies,5,43500,217500,13950.302456019932,West,Tina
ORD1591,2024-09-09,Customer_49,Tablet,Office Supplies,4,20259,81036,9911.354131111792,North,Rahul
ORD1592,2023-08-23,Customer_13,Camera,Electronics,3,36959,110877,17403.242084571953,North,Karan
ORD1593,2023-07-24,Customer_23,Camera,Electronics,3,34457,103371,25764.69441410347,West,Vivek
ORD1594,2024-04-02,Customer_25,Keyboard,Office Supplies,5,21143,105715,15318.813114526267,South,Ravi
ORD1595,2024-08-21,Customer_35,Monitor,Accessories,1,3103,3103,661.5948234651493,Central,Neha
ORD1596,2024-03-01,Customer_41,Smartphone,Electronics,5,1365,6825,931.0218441159333,Central,Sneha
ORD1597,2024-05-20,Customer_30,Camera,Electronics,6,47778,286668,59993.34713438934,East,Neha
ORD1598,2023-06-07,Customer_17,Tablet,Accessories,7,45535,318745,53894.3481884803,West,Rahul
ORD1599,2024-05-29,Customer_49,Headphones,Electronics,9,17103,153927,34990.54530482794,East,Neha
ORD1600,2024-06-30,Customer_20,Camera,Accessories,3,33510,100530,13288.910957551312,East,Neha
ORD1601,2023-04-27,Customer_48,Headphones,Accessories,2,25476,50952,8705.703759748798,North,Amit
ORD1602,2023-11-29,Customer_25,Camera,Accessories,3,13742,41226,7255.930025438355,Central,Priya
ORD1603,2023-02-17,Customer_22,Smartphone,Office Supplies,9,13391,120519,16086.464952570252,East,Karan
ORD1604,2023-09-14,Customer_13,Speaker,Office Supplies,7,37940,265580,20944.27851250427,North,Ravi
ORD1605,2024-01-27,Customer_19,Camera,Office Supplies,9,29901,269109,18490.985686954344,West,Priya
ORD1606,2024-09-09,Customer_49,Tablet,Accessories,2,33001,66002,3520.1711365353967,East,Amit
ORD1607,2024-02-02,Customer_36,Camera,Accessories,5,16623,83115,18676.510074548205,Central,Neha
ORD1608,2023-07-14,Customer_12,Monitor,Office Supplies,4,3378,13512,1314.6498028338483,East,Ravi
ORD1609,2024-09-11,Customer_41,Smartphone,Electronics,2,22372,44744,4129.931597972686,West,Amit
ORD1610,2023-09-25,Customer_19,Tablet,Accessories,9,45799,412191,81286.98354740407,East,Amit
ORD1611,2023-09-01,Customer_12,Mouse,Electronics,9,39437,354933,40463.50581328945,Central,Amit
ORD1612,2023-05-30,Customer_9,Tablet,Electronics,6,36503,219018,33117.479288531125,North,Tina
ORD1613,2024-05-04,Customer_7,Monitor,Accessories,6,31746,190476,15714.691534719657,Central,Ravi
ORD1614,2024-02-12,Customer_28,Speaker,Accessories,8,28923,231384,55983.16080295126,North,Amit
ORD1615,2023-07-24,Customer_14,Smartphone,Electronics,6,10867,65202,14365.062088784784,South,Vivek
ORD1616,2023-02-08,Customer_31,Mouse,Electronics,1,42258,42258,9413.30437745102,Central,Neha
ORD1617,2024-03-30,Customer_19,Monitor,Office Supplies,4,34724,138896,18244.649316331444,Central,Ravi
ORD1618,2023-10-23,Customer_47,Monitor,Office Supplies,7,10306,72142,14606.75253585257,West,Tina
ORD1619,2023-09-10,Customer_16,Laptop,Accessories,2,40391,80782,6363.620716939444,East,Sneha
ORD1620,2024-08-04,Customer_5,Smartphone,Office Supplies,9,15908,143172,7405.3999678140735,North,Sneha
ORD1621,2024-05-25,Customer_35,Tablet,Office Supplies,8,28081,224648,12129.775871557773,North,Karan
ORD1622,2023-11-02,Customer_12,Headphones,Office Supplies,8,38228,305824,51170.57794800246,West,Nisha
ORD1623,2023-08-03,Customer_25,Speaker,Office Supplies,7,24386,170702,24082.464223126797,West,Vivek
ORD1624,2024-08-20,Customer_21,Headphones,Electronics,4,47754,191016,29340.643977421965,East,Sneha
ORD1625,2024-03-07,Customer_36,Tablet,Accessories,2,46406,92812,4779.1337976805935,East,Tina
ORD1626,2023-04-21,Customer_23,Tablet,Office Supplies,3,29302,87906,11826.637997521133,Central,Nisha
ORD1627,2024-09-12,Customer_16,Smartphone,Electronics,6,20212,121272,23479.912409030163,South,Amit
ORD1628,2023-10-13,Customer_39,Tablet,Electronics,5,36618,183090,25365.057978643566,East,Amit
ORD1629,2024-05-14,Customer_45,Laptop,Electronics,8,47067,376536,73968.17821359579,West,Rahul
ORD1630,2023-09-24,Customer_42,Mouse,Office Supplies,6,11698,70188,6780.427014617008,East,Neha
ORD1631,2023-05-11,Customer_39,Tablet,Office Supplies,6,5594,33564,7136.659647684927,North,Nisha
ORD1632,2023-06-03,Customer_14,Headphones,Accessories,1,26525,26525,4447.8777306055645,South,Neha
ORD1633,2023-11-26,Customer_31,Tablet,Office Supplies,4,15282,61128,5633.105348390262,Central,Tina
ORD1634,2023-09-23,Customer_5,Laptop,Office Supplies,5,15334,76670,7463.371776742674,North,Vivek
ORD1635,2023-03-24,Customer_35,Camera,Electronics,3,30179,90537,15898.848834146438,North,Nisha
ORD1636,2024-04-26,Customer_23,Camera,Accessories,9,7644,68796,14859.10485092865,South,Sneha
ORD1637,2023-10-15,Customer_29,Monitor,Office Supplies,1,36618,36618,4874.791624468721,Central,Vivek
ORD1638,2023-02-23,Customer_43,Speaker,Office Supplies,6,48701,292206,29705.68703873144,West,Rahul
ORD1639,2023-11-06,Customer_11,Keyboard,Electronics,6,33933,203598,45484.265828756885,Central,Neha
ORD1640,2023-07-06,Customer_18,Mouse,Electronics,5,44469,222345,40878.941665867875,East,Neha
ORD1641,2024-09-11,Customer_47,Printer,Office Supplies,5,34687,173435,24214.49129738808,North,Vivek
ORD1642,2023-12-21,Customer_12,Monitor,Accessories,5,42073,210365,31045.674915986066,East,Amit
ORD1643,2024-03-26,Customer_9,Speaker,Accessories,6,18375,110250,10016.35511799754,West,Neha
ORD1644,2023-07-09,Customer_10,Camera,Electronics,8,49483,395864,69418.91926959789,East,Rahul
ORD1645,2024-09-27,Customer_44,Headphones,Electronics,2,31926,63852,7773.885356636906,Central,Sneha
ORD1646,2023-10-10,Customer_17,Printer,Office Supplies,6,37607,225642,56213.9737910307,East,Ravi
ORD1647,2023-12-06,Customer_38,Speaker,Electronics,1,18642,18642,2722.416218302423,West,Sneha
ORD1648,2024-08-31,Customer_7,Speaker,Office Supplies,4,24993,99972,14713.591164397603,West,Sneha
ORD1649,2024-05-02,Customer_46,Monitor,Accessories,3,45386,136158,22216.94953405245,West,Neha
ORD1650,2023-09-20,Customer_13,Printer,Accessories,9,47287,425583,99310.30401505713,Central,Priya
ORD1651,2023-12-29,Customer_40,Smartphone,Office Supplies,3,22188,66564,13989.331199812883,West,Amit
ORD1652,2024-08-15,Customer_42,Keyboard,Electronics,6,33596,201576,28266.198989913937,North,Neha
ORD1653,2023-09-15,Customer_9,Smartphone,Accessories,1,28772,28772,5574.283056113858,West,Amit
ORD1654,2023-11-06,Customer_50,Printer,Electronics,6,31857,191142,31967.945141590466,East,Tina
ORD1655,2023-07-25,Customer_27,Smartphone,Accessories,4,11776,47104,6993.691492404727,East,Priya
ORD1656,2023-08-30,Customer_2,Laptop,Office Supplies,8,33835,270680,23945.2066754536,East,Neha
ORD1657,2024-03-06,Customer_5,Camera,Office Supplies,9,10788,97092,13863.499938272455,Central,Karan
ORD1658,2023-12-01,Customer_29,Laptop,Office Supplies,4,6660,26640,2641.7214316562777,East,Sneha
ORD1659,2023-07-01,Customer_37,Tablet,Accessories,6,5478,32868,7657.206356264838,Central,Tina
ORD1660,2024-08-23,Customer_38,Smartphone,Electronics,1,9210,9210,1078.3193504602712,Central,Priya
ORD1661,2023-08-01,Customer_19,Tablet,Electronics,4,11922,47688,11466.713265013492,West,Neha
ORD1662,2024-04-14,Customer_8,Headphones,Electronics,7,37289,261023,40879.08819727837,North,Rahul
ORD1663,2024-05-29,Customer_48,Mouse,Accessories,1,34340,34340,6054.446792747869,West,Vivek
ORD1664,2024-09-18,Customer_45,Headphones,Accessories,8,40850,326800,51826.587451822474,West,Vivek
ORD1665,2024-05-29,Customer_1,Printer,Accessories,6,39163,234978,17829.21972272029,Central,Amit
ORD1666,2024-06-09,Customer_22,Speaker,Accessories,5,49175,245875,30774.7584447155,Central,Priya
ORD1667,2024-07-15,Customer_17,Camera,Accessories,9,19642,176778,12344.270287242762,East,Sneha
ORD1668,2024-09-17,Customer_7,Smartphone,Electronics,2,12094,24188,4223.002484141528,East,Sneha
ORD1669,2023-03-28,Customer_25,Monitor,Accessories,5,23423,117115,16322.884274179882,West,Ravi
ORD1670,2023-11-06,Customer_45,Mouse,Accessories,6,34418,206508,42457.42410183421,South,Vivek
ORD1671,2023-10-24,Customer_4,Keyboard,Electronics,7,6741,47187,4440.018117383453,South,Tina
ORD1672,2023-01-19,Customer_36,Keyboard,Accessories,5,47049,235245,19504.91848304178,East,Priya
ORD1673,2023-12-31,Customer_6,Keyboard,Electronics,9,7838,70542,9259.797647329222,South,Sneha
ORD1674,2024-02-21,Customer_31,Smartphone,Electronics,1,4262,4262,1002.9213806553481,East,Ravi
ORD1675,2024-07-04,Customer_19,Keyboard,Office Supplies,7,5996,41972,8062.1648839401905,Central,Priya
ORD1676,2023-08-14,Customer_44,Laptop,Office Supplies,7,45594,319158,42698.46524833167,West,Nisha
ORD1677,2023-05-29,Customer_39,Mouse,Office Supplies,4,23164,92656,14218.47403215108,North,Sneha
ORD1678,2024-06-09,Customer_27,Laptop,Office Supplies,9,36595,329355,22014.945259246644,West,Nisha
ORD1679,2023-03-31,Customer_10,Speaker,Accessories,5,31257,156285,38589.13879302816,East,Priya
ORD1680,2023-01-31,Customer_26,Mouse,Office Supplies,4,15211,60844,11151.57720937153,East,Sneha
ORD1681,2023-04-20,Customer_19,Laptop,Electronics,7,31453,220171,23576.08983153204,West,Nisha
ORD1682,2024-09-14,Customer_39,Mouse,Accessories,4,6232,24928,4167.006330199522,East,Karan
ORD1683,2023-12-25,Customer_3,Speaker,Office Supplies,3,3217,9651,693.8728629863722,South,Ravi
ORD1684,2024-06-24,Customer_45,Tablet,Electronics,9,25229,227061,55213.81797122375,South,Tina
ORD1685,2023-08-15,Customer_13,Smartphone,Accessories,8,15232,121856,10352.519896703088,East,Vivek
ORD1686,2023-01-01,Customer_50,Smartphone,Accessories,1,26613,26613,4779.856170880684,East,Ravi
ORD1687,2024-04-06,Customer_28,Keyboard,Office Supplies,7,15026,105182,10422.578255753957,South,Nisha
ORD1688,2024-07-28,Customer_20,Headphones,Accessories,9,29554,265986,51471.556385030686,East,Sneha
ORD1689,2024-01-08,Customer_28,Keyboard,Electronics,8,31908,255264,52422.10589744463,East,Karan
ORD1690,2024-08-25,Customer_8,Printer,Accessories,8,20610,164880,30450.688980583403,West,Karan
ORD1691,2024-01-29,Customer_41,Laptop,Electronics,6,47646,285876,49427.92953998268,North,Vivek
ORD1692,2024-08-29,Customer_39,Mouse,Accessories,4,40605,162420,37111.96604793715,South,Karan
ORD1693,2024-01-02,Customer_1,Headphones,Office Supplies,8,8031,64248,4222.721785533996,West,Ravi
ORD1694,2023-07-30,Customer_3,Speaker,Electronics,3,48574,145722,16930.412299804324,North,Neha
ORD1695,2024-06-08,Customer_13,Printer,Accessories,9,26515,238635,23781.766540341385,East,Karan
ORD1696,2023-12-23,Customer_28,Speaker,Accessories,2,37484,74968,18562.286141624103,East,Vivek
ORD1697,2024-05-09,Customer_49,Smartphone,Accessories,2,37182,74364,9509.516315029476,West,Karan
ORD1698,2024-08-12,Customer_25,Smartphone,Electronics,7,1570,10990,2159.782712930397,East,Karan
ORD1699,2023-10-17,Customer_33,Keyboard,Electronics,4,33254,133016,24866.680479759147,Central,Rahul
ORD1700,2023-04-13,Customer_38,Laptop,Electronics,8,20288,162304,14999.526633505664,West,Ravi
ORD1701,2024-09-11,Customer_6,Headphones,Office Supplies,9,14288,128592,12576.237938752762,North,Nisha
ORD1702,2023-12-25,Customer_44,Camera,Office Supplies,7,30877,216139,22966.26285635785,West,Amit
ORD1703,2023-06-19,Customer_45,Printer,Electronics,5,19889,99445,13149.160437300794,South,Neha
ORD1704,2023-09-19,Customer_32,Printer,Accessories,8,1917,15336,1485.521841363296,West,Karan
ORD1705,2023-04-21,Customer_45,Keyboard,Office Supplies,4,11066,44264,2387.1706464612944,East,Tina
ORD1706,2024-09-10,Customer_47,Smartphone,Electronics,2,30504,61008,13780.402321938676,East,Karan
ORD1707,2023-12-20,Customer_21,Keyboard,Accessories,6,7982,47892,11643.59720889866,Central,Rahul
ORD1708,2024-09-18,Customer_16,Mouse,Office Supplies,9,40104,360936,42703.809842725204,Central,Nisha
ORD1709,2023-07-10,Customer_21,Headphones,Accessories,1,19062,19062,2243.623627121673,Central,Tina
ORD1710,2024-03-07,Customer_11,Laptop,Accessories,7,17999,125993,6478.353753376265,North,Neha
ORD1711,2023-05-01,Customer_37,Tablet,Accessories,9,10941,98469,18320.17100584072,Central,Tina
ORD1712,2024-09-07,Customer_36,Monitor,Accessories,9,24470,220230,47368.825648144106,North,Ravi
ORD1713,2023-10-18,Customer_35,Monitor,Office Supplies,3,46148,138444,10981.607907008058,Central,Vivek
ORD1714,2024-09-20,Customer_19,Keyboard,Office Supplies,5,22133,110665,9067.145310543148,North,Vivek
ORD1715,2023-12-26,Customer_20,Mouse,Office Supplies,8,45435,363480,75609.89193992363,West,Neha
ORD1716,2023-01-24,Customer_18,Headphones,Electronics,8,5529,44232,7663.554476240105,West,Nisha
ORD1717,2024-09-01,Customer_47,Camera,Office Supplies,4,18519,74076,4368.418133366154,East,Vivek
ORD1718,2023-11-06,Customer_41,Monitor,Accessories,1,13192,13192,2302.1279796356844,North,Priya
ORD1719,2024-06-26,Customer_49,Headphones,Office Supplies,1,9566,9566,1069.3213873446934,South,Rahul
ORD1720,2023-10-10,Customer_14,Laptop,Accessories,4,8226,32904,4071.706503122543,East,Neha
ORD1721,2024-01-01,Customer_15,Speaker,Electronics,6,38930,233580,47637.77293715706,West,Neha
ORD1722,2023-01-23,Customer_31,Mouse,Accessories,8,22259,178072,37784.57032591943,North,Amit
ORD1723,2024-07-19,Customer_1,Smartphone,Accessories,6,35087,210522,27382.875559114964,Central,Amit
ORD1724,2024-08-07,Customer_3,Headphones,Accessories,9,2141,19269,4613.58798478129,South,Ravi
ORD1725,2023-04-02,Customer_16,Laptop,Electronics,9,5627,50643,6649.048285049359,West,Ravi
ORD1726,2023-06-13,Customer_23,Camera,Office Supplies,2,48269,96538,19729.201433808874,East,Amit
ORD1727,2024-04-07,Customer_11,Tablet,Office Supplies,1,3690,3690,541.6014212484232,North,Vivek
ORD1728,2023-12-22,Customer_12,Smartphone,Electronics,2,41091,82182,18861.300331647584,South,Sneha
ORD1729,2023-12-26,Customer_10,Tablet,Accessories,5,4255,21275,4926.2740917315095,North,Neha
ORD1730,2023-09-25,Customer_32,Camera,Office Supplies,4,6213,24852,1677.0965018424354,Central,Priya
ORD1731,2023-01-09,Customer_16,Laptop,Electronics,4,37876,151504,35951.69713336489,East,Neha
ORD1732,2024-03-26,Customer_8,Monitor,Office Supplies,9,20404,183636,39501.38323148862,North,Karan
ORD1733,2023-12-18,Customer_38,Tablet,Electronics,8,26380,211040,43951.642629709044,West,Nisha
ORD1734,2023-10-06,Customer_12,Smartphone,Accessories,6,26520,159120,14349.802474152066,East,Rahul
ORD1735,2023-12-22,Customer_24,Keyboard,Office Supplies,1,20173,20173,4256.98395964157,West,Sneha
ORD1736,2023-06-05,Customer_28,Printer,Electronics,2,24989,49978,10996.486762817753,North,Priya
ORD1737,2023-07-25,Customer_8,Headphones,Office Supplies,6,43570,261420,28188.93608660083,East,Karan
ORD1738,2023-04-08,Customer_28,Monitor,Office Supplies,2,25519,51038,12272.189975891257,West,Ravi
ORD1739,2024-01-04,Customer_36,Tablet,Office Supplies,5,23439,117195,7028.421971450011,Central,Priya
ORD1740,2024-07-22,Customer_26,Speaker,Office Supplies,5,12413,62065,4964.073560556745,Central,Amit
ORD1741,2024-04-12,Customer_8,Headphones,Electronics,6,15995,95970,15116.832363760766,North,Neha
ORD1742,2023-08-09,Customer_50,Keyboard,Accessories,6,24559,147354,24336.764757951365,East,Priya
ORD1743,2023-01-29,Customer_28,Camera,Electronics,6,46351,278106,49789.321813296214,South,Nisha
ORD1744,2023-10-17,Customer_28,Printer,Electronics,2,24513,49026,2617.685706764012,East,Tina
ORD1745,2024-04-03,Customer_37,Laptop,Electronics,3,6021,18063,4372.571009999908,Central,Ravi
ORD1746,2023-12-05,Customer_41,Keyboard,Accessories,6,33464,200784,11829.715122306474,West,Rahul
ORD1747,2024-07-28,Customer_36,Keyboard,Office Supplies,8,22119,176952,13910.619731662302,South,Rahul
ORD1748,2023-10-07,Customer_27,Camera,Office Supplies,1,30299,30299,1599.8751733044003,North,Priya
ORD1749,2023-02-22,Customer_17,Mouse,Office Supplies,1,40350,40350,6592.047556683345,South,Tina
ORD1750,2023-07-31,Customer_9,Camera,Accessories,2,47223,94446,22332.075623760033,North,Neha
ORD1751,2023-08-23,Customer_33,Mouse,Office Supplies,6,26517,159102,29145.80520354681,South,Karan
ORD1752,2024-01-27,Customer_20,Mouse,Accessories,9,14117,127053,27256.86986856875,North,Sneha
ORD1753,2024-03-06,Customer_13,Monitor,Office Supplies,4,23250,93000,4897.03038432959,North,Neha
ORD1754,2023-03-17,Customer_28,Monitor,Office Supplies,3,19950,59850,9480.42312280232,South,Karan
ORD1755,2023-12-17,Customer_48,Smartphone,Electronics,8,18359,146872,20842.986726438205,South,Sneha
ORD1756,2024-04-05,Customer_29,Tablet,Accessories,9,24596,221364,33158.90800089833,North,Tina
ORD1757,2023-08-12,Customer_13,Tablet,Electronics,5,26530,132650,8548.315806942537,Central,Sneha
ORD1758,2023-08-18,Customer_46,Laptop,Electronics,9,2262,20358,3804.647016129793,South,Neha
ORD1759,2024-05-04,Customer_35,Tablet,Electronics,2,41150,82300,12398.008028573122,East,Nisha
ORD1760,2023-04-28,Customer_6,Monitor,Accessories,3,23615,70845,14383.64405368425,West,Priya
ORD1761,2024-07-01,Customer_18,Smartphone,Accessories,7,4327,30289,4454.24360301906,North,Karan
ORD1762,2024-04-18,Customer_5,Smartphone,Office Supplies,7,30768,215376,17203.44385678081,North,Nisha
ORD1763,2023-12-20,Customer_47,Mouse,Electronics,6,29850,179100,32175.564095067588,West,Karan
ORD1764,2024-01-12,Customer_25,Camera,Office Supplies,6,43788,262728,22194.544828633225,Central,Priya
ORD1765,2023-12-05,Customer_2,Laptop,Electronics,2,17848,35696,8012.9992667026945,West,Vivek
ORD1766,2023-06-20,Customer_10,Mouse,Accessories,6,47830,286980,49539.419657618186,South,Sneha
ORD1767,2024-04-15,Customer_30,Camera,Accessories,4,40542,162168,13207.087877732833,West,Tina
ORD1768,2023-06-03,Customer_50,Tablet,Accessories,3,16160,48480,11754.82980533778,North,Vivek
ORD1769,2024-02-18,Customer_45,Mouse,Electronics,2,34998,69996,10756.501794323822,West,Vivek
ORD1770,2024-09-13,Customer_5,Headphones,Accessories,1,28230,28230,1823.0846592673643,East,Rahul
ORD1771,2023-08-30,Customer_33,Tablet,Electronics,5,10076,50380,8834.968344886216,South,Amit
ORD1772,2024-08-28,Customer_1,Camera,Office Supplies,2,4805,9610,967.1482992786213,West,Neha
ORD1773,2024-09-11,Customer_18,Laptop,Electronics,2,32085,64170,13523.1017613933,North,Nisha
ORD1774,2024-09-09,Customer_32,Camera,Office Supplies,7,15715,110005,23493.15344052976,South,Nisha
ORD1775,2023-10-20,Customer_47,Mouse,Electronics,8,6750,54000,13272.631443230348,North,Nisha
ORD1776,2024-08-29,Customer_49,Mouse,Office Supplies,8,49395,395160,59421.75277592859,Central,Nisha
ORD1777,2023-11-06,Customer_11,Keyboard,Accessories,4,14232,56928,8026.357049828125,East,Neha
ORD1778,2023-05-10,Customer_21,Laptop,Office Supplies,1,36903,36903,7406.252053558296,Central,Vivek
ORD1779,2024-06-08,Customer_26,Speaker,Accessories,7,7953,55671,4258.504781842279,East,Neha
ORD1780,2023-12-01,Customer_25,Tablet,Accessories,1,33093,33093,5274.465019591172,West,Nisha
ORD1781,2024-02-06,Customer_22,Smartphone,Office Supplies,4,26500,106000,16880.449122774044,South,Amit
ORD1782,2024-03-11,Customer_27,Laptop,Electronics,8,23418,187344,12719.65054395784,West,Ravi
ORD1783,2023-07-20,Customer_49,Smartphone,Electronics,2,35314,70628,9435.675998236458,East,Priya
ORD1784,2023-06-07,Customer_13,Laptop,Electronics,6,49225,295350,65171.033051364626,East,Nisha
ORD1785,2024-08-25,Customer_33,Laptop,Electronics,6,23449,140694,31125.835538583346,East,Tina
ORD1786,2024-04-26,Customer_34,Camera,Electronics,9,18478,166302,11615.784430294558,North,Ravi
ORD1787,2024-05-03,Customer_41,Laptop,Accessories,5,36179,180895,12326.940816933773,South,Neha
ORD1788,2023-12-20,Customer_35,Keyboard,Electronics,4,47881,191524,19638.697707463733,West,Tina
ORD1789,2023-02-15,Customer_1,Speaker,Accessories,5,26338,131690,29624.08855554708,West,Tina
ORD1790,2023-08-02,Customer_21,Mouse,Accessories,5,27899,139495,10571.003220965547,Central,Karan
ORD1791,2023-05-31,Customer_48,Printer,Accessories,8,5145,41160,7985.013679229139,East,Tina
ORD1792,2023-03-11,Customer_6,Smartphone,Office Supplies,8,33101,264808,18598.29307970133,East,Nisha
ORD1793,2023-05-26,Customer_28,Mouse,Office Supplies,2,3775,7550,1318.4381591592164,East,Karan
ORD1794,2024-04-05,Customer_17,Printer,Accessories,7,46961,328727,39846.13700750783,West,Rahul
ORD1795,2024-02-05,Customer_5,Speaker,Office Supplies,8,32647,261176,54267.87863831465,Central,Vivek
ORD1796,2023-12-29,Customer_31,Speaker,Electronics,6,46619,279714,27058.998040547554,North,Tina
ORD1797,2024-01-31,Customer_5,Smartphone,Electronics,5,46838,234190,41648.43528496694,South,Amit
ORD1798,2023-05-07,Customer_38,Smartphone,Accessories,9,20539,184851,17955.780439777383,North,Priya
ORD1799,2023-03-05,Customer_3,Speaker,Electronics,3,37738,113214,21819.967058451875,West,Tina
ORD1800,2023-04-12,Customer_23,Printer,Accessories,4,27616,110464,24825.19408194371,East,Rahul
ORD1801,2024-07-28,Customer_37,Laptop,Accessories,9,15119,136071,10254.359521795473,South,Sneha
ORD1802,2023-11-13,Customer_37,Tablet,Electronics,6,26159,156954,35050.83194156374,West,Neha
ORD1803,2023-06-10,Customer_10,Headphones,Office Supplies,8,38099,304792,51422.99778868854,West,Neha
ORD1804,2023-05-09,Customer_10,Mouse,Electronics,7,11295,79065,5963.24819208025,West,Rahul
ORD1805,2024-03-13,Customer_19,Camera,Electronics,2,35710,71420,9678.007861958127,South,Sneha
ORD1806,2024-05-01,Customer_17,Mouse,Accessories,3,25685,77055,6331.767982898843,South,Neha
ORD1807,2024-02-24,Customer_21,Camera,Accessories,1,26479,26479,5032.852349859579,Central,Neha
ORD1808,2024-07-13,Customer_14,Printer,Accessories,9,47172,424548,85662.58974617434,Central,Neha
ORD1809,2024-09-15,Customer_9,Camera,Accessories,7,34629,242403,17249.228780737456,North,Rahul
ORD1810,2023-05-05,Customer_46,Smartphone,Office Supplies,1,43043,43043,6509.305535907116,South,Vivek
ORD1811,2024-02-26,Customer_1,Tablet,Office Supplies,3,18033,54099,11519.030181189219,South,Priya
ORD1812,2023-11-24,Customer_45,Tablet,Office Supplies,4,37902,151608,35966.3612806927,South,Rahul
ORD1813,2024-04-06,Customer_13,Smartphone,Accessories,4,45571,182284,27835.41816423136,Central,Sneha
ORD1814,2024-07-11,Customer_4,Keyboard,Accessories,5,16408,82040,19694.181501015966,West,Tina
ORD1815,2024-08-07,Customer_1,Printer,Accessories,3,18420,55260,8683.434501480042,East,Vivek
ORD1816,2024-03-07,Customer_49,Keyboard,Office Supplies,3,17351,52053,6706.409563081802,Central,Vivek
ORD1817,2024-07-04,Customer_40,Keyboard,Accessories,1,5131,5131,1126.9760505209815,South,Tina
ORD1818,2024-06-05,Customer_32,Mouse,Electronics,7,45825,320775,47666.05578943871,Central,Amit
ORD1819,2024-07-17,Customer_34,Speaker,Electronics,1,12349,12349,1782.9548205922588,North,Karan
ORD1820,2024-09-16,Customer_28,Mouse,Accessories,2,45254,90508,13400.84055830095,South,Priya
ORD1821,2024-04-29,Customer_31,Speaker,Electronics,4,39225,156900,34417.11335867261,North,Priya
ORD1822,2024-05-06,Customer_8,Headphones,Electronics,4,39847,159388,34489.69968931505,South,Amit
ORD1823,2023-08-15,Customer_39,Camera,Office Supplies,5,13453,67265,8791.804458298162,Central,Karan
ORD1824,2023-04-02,Customer_26,Speaker,Accessories,2,19814,39628,4623.001369389834,West,Priya
ORD1825,2023-02-05,Customer_34,Smartphone,Accessories,4,19263,77052,11433.4076216526,East,Sneha
ORD1826,2023-03-12,Customer_3,Mouse,Office Supplies,1,13158,13158,2165.2081366241764,North,Ravi
ORD1827,2023-08-14,Customer_50,Printer,Electronics,2,16735,33470,3268.9292879438117,Central,Ravi
ORD1828,2024-04-23,Customer_12,Camera,Electronics,1,16830,16830,3513.9528151526783,West,Priya
ORD1829,2024-07-17,Customer_1,Headphones,Accessories,4,48893,195572,28807.081491964287,Central,Nisha
ORD1830,2023-07-30,Customer_44,Speaker,Electronics,4,45673,182692,21340.089866387854,North,Priya
ORD1831,2024-03-13,Customer_5,Headphones,Office Supplies,7,24926,174482,12451.768098868604,East,Tina
ORD1832,2023-10-26,Customer_30,Printer,Office Supplies,9,46066,414594,40534.45408647461,Central,Tina
ORD1833,2024-08-23,Customer_30,Keyboard,Accessories,9,35779,322011,77236.34587966322,South,Karan
ORD1834,2024-06-20,Customer_17,Tablet,Office Supplies,5,4373,21865,2427.45093046179,West,Neha
ORD1835,2023-10-22,Customer_48,Printer,Office Supplies,1,11335,11335,949.5540089950692,Central,Vivek
ORD1836,2024-08-06,Customer_47,Monitor,Accessories,1,24741,24741,3516.5511076672374,West,Sneha
ORD1837,2023-03-26,Customer_23,Printer,Office Supplies,6,11692,70152,7816.163874441633,South,Amit
ORD1838,2023-07-04,Customer_15,Headphones,Office Supplies,2,48295,96590,5508.706396738929,East,Priya
ORD1839,2024-09-11,Customer_37,Smartphone,Office Supplies,8,46541,372328,42679.602491842175,East,Neha
ORD1840,2024-08-28,Customer_21,Mouse,Electronics,9,35057,315513,50110.31885300271,South,Neha
ORD1841,2024-01-05,Customer_14,Smartphone,Accessories,4,2447,9788,1569.4321394662875,West,Sneha
ORD1842,2023-05-26,Customer_2,Headphones,Accessories,5,20583,102915,12484.8022745839,Central,Amit
ORD1843,2024-01-06,Customer_11,Mouse,Accessories,8,23765,190120,26514.24000374889,South,Tina
ORD1844,2024-09-11,Customer_39,Monitor,Electronics,3,24906,74718,18164.213562933055,North,Rahul
ORD1845,2024-09-07,Customer_38,Tablet,Electronics,5,20567,102835,12902.676131195822,West,Sneha
ORD1846,2024-01-28,Customer_34,Camera,Accessories,3,15139,45417,4616.42743556573,East,Neha
ORD1847,2024-01-11,Customer_38,Headphones,Electronics,3,47525,142575,14071.212761563665,South,Ravi
ORD1848,2023-11-08,Customer_50,Speaker,Accessories,3,39230,117690,16659.363453829912,East,Priya
ORD1849,2024-07-20,Customer_34,Headphones,Electronics,7,20520,143640,29001.494832340373,West,Karan
ORD1850,2024-03-21,Customer_18,Headphones,Office Supplies,7,20702,144914,13215.814344697683,East,Ravi
ORD1851,2023-04-25,Customer_30,Mouse,Office Supplies,7,26566,185962,35678.52527907031,South,Neha
ORD1852,2023-08-16,Customer_15,Laptop,Accessories,8,8657,69256,3755.750433177435,West,Vivek
ORD1853,2024-03-01,Customer_27,Printer,Electronics,5,38688,193440,25879.679052242904,North,Nisha
ORD1854,2023-11-06,Customer_34,Laptop,Electronics,5,31134,155670,31939.28294002357,South,Amit
ORD1855,2024-05-08,Customer_38,Monitor,Office Supplies,4,11345,45380,5343.340306608739,Central,Tina
ORD1856,2024-02-01,Customer_33,Speaker,Office Supplies,7,42185,295295,48058.49947426385,South,Priya
ORD1857,2024-09-10,Customer_24,Tablet,Electronics,4,28413,113652,10341.859953826084,West,Karan
ORD1858,2023-10-20,Customer_15,Keyboard,Electronics,2,6208,12416,2463.322955244511,South,Rahul
ORD1859,2024-01-29,Customer_30,Monitor,Electronics,4,34455,137820,8332.021202500091,North,Tina
ORD1860,2024-08-28,Customer_42,Keyboard,Electronics,8,29018,232144,51189.73195039564,North,Priya
ORD1861,2023-05-06,Customer_17,Keyboard,Electronics,9,46991,422919,37910.15350981309,Central,Rahul
ORD1862,2024-02-22,Customer_5,Tablet,Electronics,3,9080,27240,6125.720476746986,East,Karan
ORD1863,2024-05-01,Customer_29,Smartphone,Accessories,7,22902,160314,19318.774557970228,West,Neha
ORD1864,2024-05-22,Customer_4,Laptop,Electronics,9,10486,94374,18359.20793149104,West,Nisha
ORD1865,2024-04-23,Customer_10,Headphones,Office Supplies,4,39862,159448,18152.367056282437,East,Ravi
ORD1866,2024-07-04,Customer_17,Camera,Accessories,3,22158,66474,15367.614486730394,North,Ravi
ORD1867,2023-07-28,Customer_10,Keyboard,Electronics,5,41460,207300,15615.375223991801,North,Neha
ORD1868,2024-08-31,Customer_17,Speaker,Office Supplies,1,44856,44856,3844.3367335223375,South,Tina
ORD1869,2023-02-04,Customer_20,Monitor,Accessories,3,36871,110613,16437.75824683812,Central,Neha
ORD1870,2023-01-12,Customer_24,Smartphone,Office Supplies,8,36208,289664,19230.123201109112,Central,Neha
ORD1871,2023-05-13,Customer_5,Keyboard,Electronics,8,21519,172152,15355.276151355543,Central,Priya
ORD1872,2024-08-14,Customer_34,Smartphone,Electronics,4,32379,129516,30922.369351714256,South,Priya
ORD1873,2024-05-24,Customer_6,Smartphone,Electronics,2,29378,58756,14412.725306081053,Central,Karan
ORD1874,2024-08-30,Customer_2,Keyboard,Electronics,8,40892,327136,40974.394391967384,East,Nisha
ORD1875,2024-05-29,Customer_13,Mouse,Accessories,8,15031,120248,28217.059490976746,South,Priya
ORD1876,2024-01-28,Customer_43,Printer,Accessories,4,15536,62144,9878.716929009948,East,Karan
ORD1877,2024-09-04,Customer_43,Speaker,Office Supplies,3,1446,4338,450.92856339208026,South,Vivek
ORD1878,2024-08-06,Customer_48,Headphones,Electronics,2,37683,75366,14355.69640259208,Central,Neha
ORD1879,2024-06-07,Customer_11,Headphones,Office Supplies,9,49555,445995,81073.13224467069,East,Neha
ORD1880,2023-03-06,Customer_47,Speaker,Accessories,1,18618,18618,4614.00703823328,East,Tina
ORD1881,2023-03-12,Customer_23,Mouse,Electronics,7,7587,53109,5470.729277403925,East,Vivek
ORD1882,2023-11-17,Customer_16,Headphones,Electronics,5,32480,162400,29948.492646453164,South,Tina
ORD1883,2023-03-14,Customer_31,Smartphone,Accessories,8,33994,271952,16427.19284555363,West,Rahul
ORD1884,2023-03-24,Customer_11,Tablet,Accessories,4,21527,86108,6262.566620019423,Central,Karan
ORD1885,2023-07-08,Customer_16,Monitor,Accessories,7,24569,171983,8733.928775842776,East,Karan
ORD1886,2023-03-04,Customer_8,Laptop,Accessories,5,12151,60755,15182.196735556088,West,Neha
ORD1887,2023-05-07,Customer_4,Headphones,Accessories,5,6558,32790,6900.8109058931595,Central,Sneha
ORD1888,2024-06-18,Customer_40,Speaker,Electronics,9,45739,411651,85353.61314761535,Central,Rahul
ORD1889,2024-06-21,Customer_4,Tablet,Accessories,9,33954,305586,46432.33048860274,East,Karan
ORD1890,2023-05-01,Customer_25,Keyboard,Electronics,9,48448,436032,47969.37005868496,East,Priya
ORD1891,2023-01-17,Customer_3,Printer,Electronics,6,48327,289962,23270.27889027329,South,Neha
ORD1892,2024-01-24,Customer_32,Speaker,Accessories,6,44837,269022,28767.85351879067,West,Tina
ORD1893,2023-10-28,Customer_3,Smartphone,Accessories,5,36303,181515,22724.63326969354,West,Vivek
ORD1894,2024-07-05,Customer_27,Printer,Electronics,9,35700,321300,64665.4868319537,East,Tina
ORD1895,2024-03-25,Customer_29,Monitor,Accessories,8,28500,228000,36008.57757398375,Central,Ravi
ORD1896,2023-07-06,Customer_32,Monitor,Accessories,7,3032,21224,1390.102498002713,East,Sneha
ORD1897,2024-06-12,Customer_50,Mouse,Accessories,7,2252,15764,845.0418594456586,Central,Karan
ORD1898,2024-08-31,Customer_19,Camera,Office Supplies,6,6509,39054,2751.9961879046605,Central,Nisha
ORD1899,2023-04-26,Customer_21,Mouse,Electronics,5,38842,194210,25655.091037433613,East,Amit
ORD1900,2023-03-31,Customer_5,Tablet,Office Supplies,4,14900,59600,14103.659571224298,North,Sneha
ORD1901,2023-02-11,Customer_18,Printer,Accessories,3,15523,46569,8265.089229486448,West,Neha
ORD1902,2023-11-09,Customer_28,Camera,Office Supplies,3,2881,8643,1818.1862505248153,Central,Karan
ORD1903,2024-03-18,Customer_42,Keyboard,Accessories,6,34037,204222,29259.890487781584,Central,Vivek
ORD1904,2023-06-24,Customer_22,Smartphone,Office Supplies,4,2630,10520,1286.94543904237,North,Karan
ORD1905,2023-04-06,Customer_21,Printer,Accessories,6,21789,130734,9371.022865346991,South,Amit
ORD1906,2024-01-22,Customer_6,Mouse,Office Supplies,3,23523,70569,15891.193488531659,North,Vivek
ORD1907,2023-04-10,Customer_1,Laptop,Office Supplies,4,18958,75832,15669.318264248785,North,Tina
ORD1908,2023-04-23,Customer_5,Camera,Office Supplies,9,47151,424359,35486.43555569461,Central,Vivek
ORD1909,2024-01-01,Customer_41,Camera,Electronics,5,49920,249600,38052.04734870293,West,Sneha
ORD1910,2023-12-14,Customer_12,Smartphone,Office Supplies,7,44852,313964,46301.82883883715,North,Tina
ORD1911,2023-08-22,Customer_26,Headphones,Electronics,2,2695,5390,943.3486937960778,South,Karan
ORD1912,2024-07-10,Customer_46,Monitor,Accessories,5,15821,79105,18924.872849835745,East,Neha
ORD1913,2023-10-15,Customer_34,Monitor,Office Supplies,9,4262,38358,6365.674592625039,North,Rahul
ORD1914,2023-06-27,Customer_49,Laptop,Accessories,3,2445,7335,1159.2487303642336,North,Neha
ORD1915,2024-02-04,Customer_14,Tablet,Accessories,9,17436,156924,9425.57518556784,South,Karan
ORD1916,2024-09-23,Customer_26,Tablet,Office Supplies,6,10949,65694,4111.228745905612,West,Amit
ORD1917,2023-04-05,Customer_45,Keyboard,Electronics,4,24963,99852,8733.990361512506,North,Rahul
ORD1918,2023-03-30,Customer_27,Printer,Office Supplies,7,30932,216524,12232.340273956821,North,Karan
ORD1919,2024-02-16,Customer_9,Speaker,Accessories,8,7901,63208,12557.569964637869,West,Nisha
ORD1920,2024-06-05,Customer_26,Headphones,Accessories,6,34487,206922,40280.690632607766,South,Sneha
ORD1921,2023-10-24,Customer_47,Mouse,Office Supplies,5,9597,47985,3704.9816818404774,North,Nisha
ORD1922,2024-06-25,Customer_22,Speaker,Electronics,6,7855,47130,10237.379718896318,West,Tina
ORD1923,2024-05-07,Customer_47,Speaker,Electronics,5,19678,98390,7965.379593701792,North,Ravi
ORD1924,2024-01-29,Customer_30,Camera,Accessories,8,9263,74104,8168.863139770456,East,Karan
ORD1925,2024-02-01,Customer_43,Laptop,Accessories,1,48288,48288,4818.9193013407985,Central,Priya
ORD1926,2023-12-12,Customer_48,Monitor,Electronics,7,26805,187635,23353.318488150762,East,Priya
ORD1927,2023-01-10,Customer_17,Keyboard,Office Supplies,2,27143,54286,5479.235439020495,North,Vivek
ORD1928,2023-02-27,Customer_26,Tablet,Accessories,9,12874,115866,17123.857608543538,South,Neha
ORD1929,2023-09-20,Customer_36,Laptop,Electronics,1,28529,28529,3751.0378894335645,Central,Neha
ORD1930,2024-05-04,Customer_1,Camera,Accessories,6,21866,131196,32446.5941824569,East,Neha
ORD1931,2023-11-14,Customer_8,Mouse,Office Supplies,9,15079,135711,8303.514180450327,West,Nisha
ORD1932,2023-04-01,Customer_49,Keyboard,Electronics,1,8243,8243,646.5502171121879,South,Sneha
ORD1933,2024-09-08,Customer_35,Camera,Accessories,4,30872,123488,7479.072797397101,East,Karan
ORD1934,2024-06-06,Customer_15,Monitor,Office Supplies,4,10018,40072,7019.341673066752,West,Amit
ORD1935,2024-02-18,Customer_47,Monitor,Accessories,9,13100,117900,7180.328761415508,North,Vivek
ORD1936,2023-01-23,Customer_22,Monitor,Office Supplies,5,20800,104000,22597.946537423366,West,Tina
ORD1937,2023-05-18,Customer_14,Laptop,Office Supplies,5,27910,139550,21265.707182332608,East,Rahul
ORD1938,2023-09-01,Customer_26,Laptop,Electronics,6,30437,182622,28379.737283265775,East,Tina
ORD1939,2024-01-19,Customer_28,Tablet,Office Supplies,1,38588,38588,6263.5617727196295,North,Karan
ORD1940,2023-05-10,Customer_23,Tablet,Accessories,1,12001,12001,1010.0370578761671,West,Ravi
ORD1941,2024-01-14,Customer_14,Mouse,Office Supplies,9,47675,429075,38418.54336176975,West,Neha
ORD1942,2023-12-27,Customer_24,Keyboard,Office Supplies,3,20942,62826,7147.303425363879,North,Rahul
ORD1943,2024-03-12,Customer_2,Smartphone,Electronics,4,21862,87448,14752.414914157851,West,Nisha
ORD1944,2024-01-21,Customer_45,Smartphone,Office Supplies,1,12669,12669,1165.8464206773156,North,Karan
ORD1945,2023-09-24,Customer_26,Camera,Office Supplies,9,16916,152244,11154.361493135246,South,Ravi
ORD1946,2024-07-07,Customer_14,Monitor,Accessories,8,11878,95024,23188.07740300502,East,Nisha
ORD1947,2023-04-16,Customer_7,Keyboard,Electronics,2,3985,7970,433.53901280653895,South,Ravi
ORD1948,2024-08-26,Customer_3,Speaker,Electronics,8,33369,266952,56203.93554985233,Central,Neha
ORD1949,2024-02-07,Customer_47,Laptop,Electronics,7,9112,63784,13242.006796098642,Central,Nisha
ORD1950,2023-05-09,Customer_23,Printer,Office Supplies,6,42235,253410,27733.905717897156,Central,Sneha
ORD1951,2024-03-21,Customer_46,Headphones,Electronics,1,19931,19931,1537.1848167283529,North,Priya
ORD1952,2023-09-20,Customer_43,Mouse,Office Supplies,7,28340,198380,15696.96218668438,West,Tina
ORD1953,2023-12-12,Customer_47,Monitor,Office Supplies,7,1336,9352,1772.0760968804448,South,Sneha
ORD1954,2024-05-14,Customer_45,Monitor,Accessories,9,43933,395397,70602.60953913997,South,Rahul
ORD1955,2024-08-18,Customer_18,Monitor,Accessories,1,20363,20363,4205.960032956198,South,Vivek
ORD1956,2023-05-06,Customer_38,Laptop,Accessories,2,46536,93072,22104.249535505893,South,Priya
ORD1957,2023-08-30,Customer_35,Laptop,Accessories,9,4968,44712,8423.091253275172,Central,Sneha
ORD1958,2024-09-10,Customer_15,Headphones,Accessories,9,34678,312102,25333.415252155723,South,Karan
ORD1959,2024-06-24,Customer_25,Speaker,Office Supplies,6,49400,296400,29251.278321853548,West,Ravi
ORD1960,2023-04-27,Customer_37,Keyboard,Office Supplies,6,17279,103674,22646.41857090786,Central,Rahul
ORD1961,2024-04-23,Customer_28,Monitor,Electronics,4,4129,16516,1517.1798296955578,South,Karan
ORD1962,2023-05-07,Customer_10,Smartphone,Office Supplies,4,39215,156860,10118.17012749599,North,Priya
ORD1963,2023-10-12,Customer_39,Tablet,Office Supplies,5,39897,199485,38033.01431612367,East,Ravi
ORD1964,2024-08-23,Customer_17,Smartphone,Accessories,3,6850,20550,2681.8833210644834,East,Rahul
ORD1965,2023-04-06,Customer_39,Camera,Office Supplies,1,21588,21588,5051.764930872194,East,Vivek
ORD1966,2024-08-28,Customer_22,Smartphone,Accessories,1,41214,41214,7420.622500010833,Central,Priya
ORD1967,2023-09-03,Customer_26,Camera,Electronics,7,12949,90643,6171.319480793902,South,Rahul
ORD1968,2024-02-28,Customer_44,Printer,Electronics,1,9519,9519,2280.4793327375196,Central,Sneha
ORD1969,2023-08-14,Customer_25,Tablet,Office Supplies,1,27375,27375,2784.3510184303464,West,Rahul
ORD1970,2023-05-26,Customer_17,Smartphone,Electronics,3,34082,102246,12008.02565881622,North,Priya
ORD1971,2023-11-26,Customer_13,Printer,Office Supplies,4,12737,50948,6646.27271126982,North,Neha
ORD1972,2024-08-31,Customer_20,Mouse,Electronics,4,2134,8536,514.2501188214436,East,Sneha
ORD1973,2023-12-19,Customer_25,Keyboard,Accessories,2,11938,23876,3564.7604442355846,East,Karan
ORD1974,2023-06-16,Customer_4,Printer,Accessories,1,25486,25486,1902.8790127089799,East,Priya
ORD1975,2023-06-12,Customer_10,Keyboard,Accessories,3,49356,148068,19277.574866418174,South,Neha
ORD1976,2023-04-19,Customer_3,Smartphone,Accessories,4,27096,108384,13021.465932346813,West,Amit
ORD1977,2023-06-18,Customer_41,Speaker,Office Supplies,3,42115,126345,25846.146068104314,West,Vivek
ORD1978,2023-03-03,Customer_45,Printer,Electronics,8,6592,52736,11108.000020292742,West,Neha
ORD1979,2023-04-24,Customer_18,Tablet,Office Supplies,1,19108,19108,1541.682671338139,West,Amit
ORD1980,2023-07-22,Customer_47,Smartphone,Accessories,2,18270,36540,4505.756077367385,East,Tina
ORD1981,2024-08-20,Customer_36,Monitor,Office Supplies,7,28649,200543,25001.822594561327,North,Ravi
ORD1982,2024-02-17,Customer_47,Laptop,Electronics,4,11997,47988,3852.57687672097,East,Neha
ORD1983,2024-05-18,Customer_22,Printer,Office Supplies,8,34489,275912,57856.18069713682,West,Nisha
ORD1984,2023-12-15,Customer_34,Tablet,Electronics,3,10104,30312,5803.10101770067,East,Vivek
ORD1985,2024-05-03,Customer_47,Mouse,Office Supplies,6,1870,11220,988.2167284505459,West,Neha
ORD1986,2024-09-12,Customer_8,Monitor,Electronics,9,29684,267156,32952.191642457,Central,Amit
ORD1987,2023-11-09,Customer_40,Mouse,Electronics,1,40519,40519,2883.37276043222,North,Nisha
ORD1988,2024-01-31,Customer_49,Smartphone,Accessories,1,35524,35524,6239.482231026658,Central,Vivek
ORD1989,2024-06-11,Customer_44,Laptop,Electronics,8,31957,255656,18988.692148480382,South,Nisha
ORD1990,2024-06-21,Customer_19,Printer,Accessories,3,34885,104655,25869.338083488154,East,Sneha
ORD1991,2023-10-08,Customer_42,Printer,Accessories,5,45369,226845,46761.015046513625,South,Amit
ORD1992,2024-01-06,Customer_41,Speaker,Accessories,1,36596,36596,4686.033992115177,East,Rahul
ORD1993,2023-11-04,Customer_37,Speaker,Office Supplies,5,30866,154330,25574.454333734557,Central,Sneha
ORD1994,2024-07-21,Customer_6,Smartphone,Office Supplies,6,31676,190056,44143.99604456516,West,Vivek
ORD1995,2023-07-11,Customer_26,Smartphone,Office Supplies,8,48764,390112,62737.7556947553,West,Vivek
ORD1996,2024-06-30,Customer_34,Laptop,Office Supplies,3,14878,44634,3789.4130883772664,East,Priya
ORD1997,2023-03-03,Customer_45,Speaker,Electronics,3,40760,122280,15375.569264092836,West,Amit
ORD1998,2024-05-21,Customer_6,Tablet,Electronics,9,28559,257031,56194.4235606921,Central,Tina
ORD1999,2024-08-31,Customer_37,Tablet,Office Supplies,4,47546,190184,34013.001646593904,West,Tina
